"지역별(1)","지역별(2)","지역별(3)",상품군별(1),상품군별(2),판매유형별(1),2014.1/4,2019.4/4,2024.2/4 p),2019,2020,2021,2022,2023
"합계","소계","소계",합계,소계,계,148272,1881628,448904,6004608,6003447,4407910,1855899,1697209
"합계","소계","소계",합계,소계,면세점,-,1655635,257535,5219858,5007939,3423791,1028846,944338
"합계","소계","소계",합계,소계,면세점 이외,-,225993,191369,784750,995508,984119,827053,752871
"합계","소계","소계",컴퓨터 및 주변기기,소계,계,4915,3827,21489,15237,19267,15875,12370,15278
"합계","소계","소계",컴퓨터 및 주변기기,소계,면세점,-,70,0,73,3610,0,0,0
"합계","소계","소계",컴퓨터 및 주변기기,소계,면세점 이외,-,3757,21489,15164,15657,15875,12370,15278
"합계","소계","소계",가전·전자·통신기기,소계,계,13259,24180,7456,93826,55019,51360,65833,26877
"합계","소계","소계",가전·전자·통신기기,소계,면세점,-,15478,2292,62763,20422,26536,49716,5884
"합계","소계","소계",가전·전자·통신기기,소계,면세점 이외,-,8702,5164,31063,34597,24824,16117,20993
"합계","소계","소계",가전·전자·통신기기,가전·전자,계,-,-,7108,-,-,-,-,20978
"합계","소계","소계",가전·전자·통신기기,가전·전자,면세점,-,-,2182,-,-,-,-,5270
"합계","소계","소계",가전·전자·통신기기,가전·전자,면세점 이외,-,-,4926,-,-,-,-,15708
"합계","소계","소계",가전·전자·통신기기,통신기기,계,-,-,348,-,-,-,-,5899
"합계","소계","소계",가전·전자·통신기기,통신기기,면세점,-,-,110,-,-,-,-,614
"합계","소계","소계",가전·전자·통신기기,통신기기,면세점 이외,-,-,238,-,-,-,-,5285
"합계","소계","소계",소프트웨어,소계,계,361,387,27,909,1071,3404,3161,771
"합계","소계","소계",소프트웨어,소계,면세점,-,0,0,0,0,0,0,0
"합계","소계","소계",소프트웨어,소계,면세점 이외,-,387,27,909,1071,3404,3161,771
"합계","소계","소계",서 적,소계,계,1563,6107,1855,24272,27386,32200,23082,14995
"합계","소계","소계",서 적,소계,면세점,-,0,0,0,0,0,0,0
"합계","소계","소계",서 적,소계,면세점 이외,-,6107,1855,24272,27386,32200,23082,14995
"합계","소계","소계",사무·문구,소계,계,2094,1268,5364,5898,5847,9416,10034,7720
"합계","소계","소계",사무·문구,소계,면세점,-,8,77,30,1,88,66,206
"합계","소계","소계",사무·문구,소계,면세점 이외,-,1260,5287,5868,5846,9328,9968,7514
"합계","소계","소계",음반·비디오·악기,소계,계,5427,26899,24527,89433,213843,177308,168173,181745
"합계","소계","소계",음반·비디오·악기,소계,면세점,-,0,0,0,0,0,0,0
"합계","소계","소계",음반·비디오·악기,소계,면세점 이외,-,26899,24527,89433,213843,177308,168173,181745
"합계","소계","소계",의류 및 패션 관련 상품,소계,계,44868,151505,73151,565840,366497,365243,275531,258501
"합계","소계","소계",의류 및 패션 관련 상품,소계,면세점,-,74266,20416,262957,36074,28109,11409,49685
"합계","소계","소계",의류 및 패션 관련 상품,소계,면세점 이외,-,77239,52735,302883,330423,337134,264122,208816
"합계","소계","소계",스포츠·레저용품,소계,계,2992,3791,2397,18573,21051,16239,11643,9815
"합계","소계","소계",스포츠·레저용품,소계,면세점,-,0,13,4,0,0,0,9
"합계","소계","소계",스포츠·레저용품,소계,면세점 이외,-,3791,2384,18569,21051,16239,11643,9806
"합계","소계","소계",화장품,소계,계,46002,1611309,269914,5020606,5108626,3539810,1122980,1043998
"합계","소계","소계",화장품,소계,면세점,-,1557171,226529,4860812,4942052,3364586,962843,876055
"합계","소계","소계",화장품,소계,면세점 이외,-,54138,43385,159794,166574,175224,160137,167943
"합계","소계","소계",아동·유아용품,소계,계,2268,5609,2449,19109,18377,20864,12182,8231
"합계","소계","소계",아동·유아용품,소계,면세점,-,128,33,902,30,27,3,82
"합계","소계","소계",아동·유아용품,소계,면세점 이외,-,5481,2416,18207,18347,20837,12179,8149
"합계","소계","소계",음·식료품,소계,계,6854,10662,11941,40325,25701,27481,25372,31221
"합계","소계","소계",음·식료품,소계,면세점,-,8264,8105,31165,5662,4443,4804,12231
"합계","소계","소계",음·식료품,소계,면세점 이외,-,2398,3836,9160,20039,23038,20568,18990
"합계","소계","소계",농축수산물,소계,계,3464,40,8,126,150,97,72,39
"합계","소계","소계",농축수산물,소계,면세점,-,0,0,0,0,0,0,0
"합계","소계","소계",농축수산물,소계,면세점 이외,-,40,8,126,150,97,72,39
"합계","소계","소계",생활·자동차용품,소계,계,7233,15527,6613,48771,36644,34264,16911,20450
"합계","소계","소계",생활·자동차용품,소계,면세점,-,86,42,429,49,0,5,116
"합계","소계","소계",생활·자동차용품,소계,면세점 이외,-,15441,6571,48342,36595,34264,16906,20334
"합계","소계","소계",기 타,소계,계,6972,20517,21713,61683,103968,114350,108553,77568
"합계","소계","소계",기 타,소계,면세점,-,164,28,723,39,2,0,70
"합계","소계","소계",기 타,소계,면세점 이외,-,20353,21685,60960,103929,114348,108553,77498
"아시아","소계","소계",합계,소계,계,-,-,349019,-,-,-,-,1391822
"아시아","소계","소계",합계,소계,면세점,-,-,255995,-,-,-,-,940291
"아시아","소계","소계",합계,소계,면세점 이외,-,-,93024,-,-,-,-,451531
"아시아","소계","소계",컴퓨터 및 주변기기,소계,계,-,-,5077,-,-,-,-,3467
"아시아","소계","소계",컴퓨터 및 주변기기,소계,면세점,-,-,0,-,-,-,-,0
"아시아","소계","소계",컴퓨터 및 주변기기,소계,면세점 이외,-,-,5077,-,-,-,-,3467
"아시아","소계","소계",가전·전자·통신기기,소계,계,-,-,5580,-,-,-,-,21571
"아시아","소계","소계",가전·전자·통신기기,소계,면세점,-,-,2221,-,-,-,-,5766
"아시아","소계","소계",가전·전자·통신기기,소계,면세점 이외,-,-,3359,-,-,-,-,15805
"아시아","소계","소계",가전·전자·통신기기,가전·전자,계,-,-,5412,-,-,-,-,16535
"아시아","소계","소계",가전·전자·통신기기,가전·전자,면세점,-,-,2117,-,-,-,-,5172
"아시아","소계","소계",가전·전자·통신기기,가전·전자,면세점 이외,-,-,3295,-,-,-,-,11363
"아시아","소계","소계",가전·전자·통신기기,통신기기,계,-,-,168,-,-,-,-,5036
"아시아","소계","소계",가전·전자·통신기기,통신기기,면세점,-,-,104,-,-,-,-,594
"아시아","소계","소계",가전·전자·통신기기,통신기기,면세점 이외,-,-,64,-,-,-,-,4442
"아시아","소계","소계",소프트웨어,소계,계,-,-,0,-,-,-,-,172
"아시아","소계","소계",소프트웨어,소계,면세점,-,-,0,-,-,-,-,0
"아시아","소계","소계",소프트웨어,소계,면세점 이외,-,-,0,-,-,-,-,172
"아시아","소계","소계",서 적,소계,계,-,-,588,-,-,-,-,7563
"아시아","소계","소계",서 적,소계,면세점,-,-,0,-,-,-,-,0
"아시아","소계","소계",서 적,소계,면세점 이외,-,-,588,-,-,-,-,7563
"아시아","소계","소계",사무·문구,소계,계,-,-,1949,-,-,-,-,4480
"아시아","소계","소계",사무·문구,소계,면세점,-,-,76,-,-,-,-,206
"아시아","소계","소계",사무·문구,소계,면세점 이외,-,-,1873,-,-,-,-,4274
"아시아","소계","소계",음반·비디오·악기,소계,계,-,-,13333,-,-,-,-,105515
"아시아","소계","소계",음반·비디오·악기,소계,면세점,-,-,0,-,-,-,-,0
"아시아","소계","소계",음반·비디오·악기,소계,면세점 이외,-,-,13333,-,-,-,-,105515
"아시아","소계","소계",의류 및 패션 관련 상품,소계,계,-,-,45479,-,-,-,-,163699
"아시아","소계","소계",의류 및 패션 관련 상품,소계,면세점,-,-,20235,-,-,-,-,49219
"아시아","소계","소계",의류 및 패션 관련 상품,소계,면세점 이외,-,-,25244,-,-,-,-,114480
"아시아","소계","소계",스포츠·레저용품,소계,계,-,-,2140,-,-,-,-,8021
"아시아","소계","소계",스포츠·레저용품,소계,면세점,-,-,13,-,-,-,-,9
"아시아","소계","소계",스포츠·레저용품,소계,면세점 이외,-,-,2127,-,-,-,-,8012
"아시아","소계","소계",화장품,소계,계,-,-,248093,-,-,-,-,986675
"아시아","소계","소계",화장품,소계,면세점,-,-,225457,-,-,-,-,873091
"아시아","소계","소계",화장품,소계,면세점 이외,-,-,22636,-,-,-,-,113584
"아시아","소계","소계",아동·유아용품,소계,계,-,-,2084,-,-,-,-,6290
"아시아","소계","소계",아동·유아용품,소계,면세점,-,-,33,-,-,-,-,82
"아시아","소계","소계",아동·유아용품,소계,면세점 이외,-,-,2051,-,-,-,-,6208
"아시아","소계","소계",음·식료품,소계,계,-,-,10011,-,-,-,-,23823
"아시아","소계","소계",음·식료품,소계,면세점,-,-,7891,-,-,-,-,11732
"아시아","소계","소계",음·식료품,소계,면세점 이외,-,-,2120,-,-,-,-,12091
"아시아","소계","소계",농축수산물,소계,계,-,-,0,-,-,-,-,7
"아시아","소계","소계",농축수산물,소계,면세점,-,-,0,-,-,-,-,0
"아시아","소계","소계",농축수산물,소계,면세점 이외,-,-,0,-,-,-,-,7
"아시아","소계","소계",생활·자동차용품,소계,계,-,-,3219,-,-,-,-,12706
"아시아","소계","소계",생활·자동차용품,소계,면세점,-,-,41,-,-,-,-,116
"아시아","소계","소계",생활·자동차용품,소계,면세점 이외,-,-,3178,-,-,-,-,12590
"아시아","소계","소계",기 타,소계,계,-,-,11466,-,-,-,-,47833
"아시아","소계","소계",기 타,소계,면세점,-,-,28,-,-,-,-,70
"아시아","소계","소계",기 타,소계,면세점 이외,-,-,11438,-,-,-,-,47763
"아시아","중국","소계",합계,소계,계,55066,1666550,265589,5184664,5200528,3587912,1193748,1055720
"아시아","중국","소계",합계,소계,면세점,-,1599893,242959,4974246,4911082,3393188,1003103,901123
"아시아","중국","소계",합계,소계,면세점 이외,-,66657,22630,210418,289446,194724,190645,154597
"아시아","중국","소계",컴퓨터 및 주변기기,소계,계,32,104,1985,181,3732,200,183,1814
"아시아","중국","소계",컴퓨터 및 주변기기,소계,면세점,-,70,0,73,3497,0,0,0
"아시아","중국","소계",컴퓨터 및 주변기기,소계,면세점 이외,-,34,1985,108,235,200,183,1814
"아시아","중국","소계",가전·전자·통신기기,소계,계,761,12451,2254,55795,13703,25154,49865,5045
"아시아","중국","소계",가전·전자·통신기기,소계,면세점,-,11952,2145,54237,12350,24551,49499,4618
"아시아","중국","소계",가전·전자·통신기기,소계,면세점 이외,-,499,109,1558,1353,603,366,427
"아시아","중국","소계",가전·전자·통신기기,가전·전자,계,-,-,2149,-,-,-,-,4336
"아시아","중국","소계",가전·전자·통신기기,가전·전자,면세점,-,-,2043,-,-,-,-,4026
"아시아","중국","소계",가전·전자·통신기기,가전·전자,면세점 이외,-,-,106,-,-,-,-,310
"아시아","중국","소계",가전·전자·통신기기,통신기기,계,-,-,105,-,-,-,-,709
"아시아","중국","소계",가전·전자·통신기기,통신기기,면세점,-,-,102,-,-,-,-,592
"아시아","중국","소계",가전·전자·통신기기,통신기기,면세점 이외,-,-,3,-,-,-,-,117
"아시아","중국","소계",소프트웨어,소계,계,126,0,0,7,4,2393,0,111
"아시아","중국","소계",소프트웨어,소계,면세점,-,0,0,0,0,0,0,0
"아시아","중국","소계",소프트웨어,소계,면세점 이외,-,0,0,7,4,2393,0,111
"아시아","중국","소계",서 적,소계,계,225,1237,345,5073,6659,10813,10663,5101
"아시아","중국","소계",서 적,소계,면세점,-,0,0,0,0,0,0,0
"아시아","중국","소계",서 적,소계,면세점 이외,-,1237,345,5073,6659,10813,10663,5101
"아시아","중국","소계",사무·문구,소계,계,6,51,450,216,404,338,454,317
"아시아","중국","소계",사무·문구,소계,면세점,-,8,76,29,1,88,62,206
"아시아","중국","소계",사무·문구,소계,면세점 이외,-,43,374,187,403,250,392,111
"아시아","중국","소계",음반·비디오·악기,소계,계,2350,13199,8469,36193,125078,62867,93912,73130
"아시아","중국","소계",음반·비디오·악기,소계,면세점,-,0,0,0,0,0,0,0
"아시아","중국","소계",음반·비디오·악기,소계,면세점 이외,-,13199,8469,36193,125078,62867,93912,73130
"아시아","중국","소계",의류 및 패션 관련 상품,소계,계,12206,91546,25079,330267,106346,101932,48969,80307
"아시아","중국","소계",의류 및 패션 관련 상품,소계,면세점,-,71350,19208,252423,33278,27692,9783,47306
"아시아","중국","소계",의류 및 패션 관련 상품,소계,면세점 이외,-,20196,5871,77844,73068,74240,39186,33001
"아시아","중국","소계",스포츠·레저용품,소계,계,16,542,206,2004,3999,1148,1098,991
"아시아","중국","소계",스포츠·레저용품,소계,면세점,-,0,13,0,0,0,0,9
"아시아","중국","소계",스포츠·레저용품,소계,면세점 이외,-,542,193,2004,3999,1148,1098,982
"아시아","중국","소계",화장품,소계,계,32235,1530072,216062,4696641,4895355,3357938,952739,860761
"아시아","중국","소계",화장품,소계,면세점,-,1508665,214003,4637196,4856500,3336569,939454,837696
"아시아","중국","소계",화장품,소계,면세점 이외,-,21407,2059,59445,38855,21369,13285,23065
"아시아","중국","소계",아동·유아용품,소계,계,256,1262,1570,4959,5632,4672,4321,3909
"아시아","중국","소계",아동·유아용품,소계,면세점,-,119,33,876,26,27,2,82
"아시아","중국","소계",아동·유아용품,소계,면세점 이외,-,1143,1537,4083,5606,4645,4319,3827
"아시아","중국","소계",음·식료품,소계,계,4453,7924,7602,30409,9562,6806,6148,11766
"아시아","중국","소계",음·식료품,소계,면세점,-,7480,7413,28265,5342,4259,4298,11020
"아시아","중국","소계",음·식료품,소계,면세점 이외,-,444,189,2144,4220,2547,1850,746
"아시아","중국","소계",농축수산물,소계,계,2132,14,0,59,88,71,18,6
"아시아","중국","소계",농축수산물,소계,면세점,-,0,0,0,0,0,0,0
"아시아","중국","소계",농축수산물,소계,면세점 이외,-,14,0,59,88,71,18,6
"아시아","중국","소계",생활·자동차용품,소계,계,110,6211,508,17236,7191,4034,2221,1933
"아시아","중국","소계",생활·자동차용품,소계,면세점,-,86,41,427,49,0,5,116
"아시아","중국","소계",생활·자동차용품,소계,면세점 이외,-,6125,467,16809,7142,4034,2216,1817
"아시아","중국","소계",기 타,소계,계,158,1937,1059,5624,22775,9544,23153,10529
"아시아","중국","소계",기 타,소계,면세점,-,163,27,720,39,2,0,70
"아시아","중국","소계",기 타,소계,면세점 이외,-,1774,1032,4904,22736,9542,23153,10459
"아시아","일본","소계",합계,소계,계,21685,56146,49409,226546,239897,303409,291396,232343
"아시아","일본","소계",합계,소계,면세점,-,10391,3029,37216,19167,588,3551,4802
"아시아","일본","소계",합계,소계,면세점 이외,-,45755,46380,189330,220730,302821,287845,227541
"아시아","일본","소계",컴퓨터 및 주변기기,소계,계,71,63,185,138,193,116,85,921
"아시아","일본","소계",컴퓨터 및 주변기기,소계,면세점,-,0,0,0,0,0,0,0
"아시아","일본","소계",컴퓨터 및 주변기기,소계,면세점 이외,-,63,185,138,193,116,85,921
"아시아","일본","소계",가전·전자·통신기기,소계,계,826,440,103,2796,418,735,3525,5118
"아시아","일본","소계",가전·전자·통신기기,소계,면세점,-,258,30,452,14,13,92,294
"아시아","일본","소계",가전·전자·통신기기,소계,면세점 이외,-,182,73,2344,404,722,3433,4824
"아시아","일본","소계",가전·전자·통신기기,가전·전자,계,-,-,48,-,-,-,-,851
"아시아","일본","소계",가전·전자·통신기기,가전·전자,면세점,-,-,30,-,-,-,-,293
"아시아","일본","소계",가전·전자·통신기기,가전·전자,면세점 이외,-,-,18,-,-,-,-,558
"아시아","일본","소계",가전·전자·통신기기,통신기기,계,-,-,55,-,-,-,-,4267
"아시아","일본","소계",가전·전자·통신기기,통신기기,면세점,-,-,0,-,-,-,-,1
"아시아","일본","소계",가전·전자·통신기기,통신기기,면세점 이외,-,-,55,-,-,-,-,4266
"아시아","일본","소계",소프트웨어,소계,계,11,1,0,14,27,5,2668,36
"아시아","일본","소계",소프트웨어,소계,면세점,-,0,0,0,0,0,0,0
"아시아","일본","소계",소프트웨어,소계,면세점 이외,-,1,0,14,27,5,2668,36
"아시아","일본","소계",서 적,소계,계,18,202,152,574,1055,2068,1577,1429
"아시아","일본","소계",서 적,소계,면세점,-,0,0,0,0,0,0,0
"아시아","일본","소계",서 적,소계,면세점 이외,-,202,152,574,1055,2068,1577,1429
"아시아","일본","소계",사무·문구,소계,계,1228,375,242,2694,1526,2781,3761,1266
"아시아","일본","소계",사무·문구,소계,면세점,-,0,0,0,0,0,0,0
"아시아","일본","소계",사무·문구,소계,면세점 이외,-,375,242,2694,1526,2781,3761,1266
"아시아","일본","소계",음반·비디오·악기,소계,계,27,2055,3578,8712,14738,16003,16474,26034
"아시아","일본","소계",음반·비디오·악기,소계,면세점,-,0,0,0,0,0,0,0
"아시아","일본","소계",음반·비디오·악기,소계,면세점 이외,-,2055,3578,8712,14738,16003,16474,26034
"아시아","일본","소계",의류 및 패션 관련 상품,소계,계,13534,30472,10946,134637,119531,116543,90984,55376
"아시아","일본","소계",의류 및 패션 관련 상품,소계,면세점,-,871,430,3099,79,8,177,524
"아시아","일본","소계",의류 및 패션 관련 상품,소계,면세점 이외,-,29601,10516,131538,119452,116535,90807,54852
"아시아","일본","소계",스포츠·레저용품,소계,계,604,133,106,778,646,1245,1800,756
"아시아","일본","소계",스포츠·레저용품,소계,면세점,-,0,0,0,0,0,0,0
"아시아","일본","소계",스포츠·레저용품,소계,면세점 이외,-,133,106,778,646,1245,1800,756
"아시아","일본","소계",화장품,소계,계,1034,13970,20800,43689,61265,97316,107647,86730
"아시아","일본","소계",화장품,소계,면세점,-,9028,2347,32783,19050,564,3263,3586
"아시아","일본","소계",화장품,소계,면세점 이외,-,4942,18453,10906,42215,96752,104384,83144
"아시아","일본","소계",아동·유아용품,소계,계,83,191,322,585,1355,1136,1234,1461
"아시아","일본","소계",아동·유아용품,소계,면세점,-,2,0,7,2,0,0,0
"아시아","일본","소계",아동·유아용품,소계,면세점 이외,-,189,322,578,1353,1136,1234,1461
"아시아","일본","소계",음·식료품,소계,계,186,1269,1960,4118,4721,14547,13151,11280
"아시아","일본","소계",음·식료품,소계,면세점,-,232,222,875,22,3,19,398
"아시아","일본","소계",음·식료품,소계,면세점 이외,-,1037,1738,3243,4699,14544,13132,10882
"아시아","일본","소계",농축수산물,소계,계,10,10,0,18,2,0,0,1
"아시아","일본","소계",농축수산물,소계,면세점,-,0,0,0,0,0,0,0
"아시아","일본","소계",농축수산물,소계,면세점 이외,-,10,0,18,2,0,0,1
"아시아","일본","소계",생활·자동차용품,소계,계,1042,1113,1140,4980,3911,5912,4795,5463
"아시아","일본","소계",생활·자동차용품,소계,면세점,-,0,0,0,0,0,0,0
"아시아","일본","소계",생활·자동차용품,소계,면세점 이외,-,1113,1140,4980,3911,5912,4795,5463
"아시아","일본","소계",기 타,소계,계,3011,5852,9875,22813,30509,44995,43682,36472
"아시아","일본","소계",기 타,소계,면세점,-,0,0,0,0,0,0,0
"아시아","일본","소계",기 타,소계,면세점 이외,-,5852,9875,22813,30509,44995,43682,36472
"아시아","아세안","소계",합계,소계,계,10734,56756,28162,201628,141118,102155,92741,94780
"아시아","아세안","소계",합계,소계,면세점,-,29814,8491,118698,35758,8764,16764,30769
"아시아","아세안","소계",합계,소계,면세점 이외,-,26942,19671,82930,105360,93391,75977,64011
"아시아","아세안","소계",컴퓨터 및 주변기기,소계,계,136,79,52,824,541,473,113,217
"아시아","아세안","소계",컴퓨터 및 주변기기,소계,면세점,-,0,0,0,0,0,0,0
"아시아","아세안","소계",컴퓨터 및 주변기기,소계,면세점 이외,-,79,52,824,541,473,113,217
"아시아","아세안","소계",가전·전자·통신기기,소계,계,2896,5162,3180,15081,18311,11492,9079,11220
"아시아","아세안","소계",가전·전자·통신기기,소계,면세점,-,2350,30,5642,5906,1952,112,779
"아시아","아세안","소계",가전·전자·통신기기,소계,면세점 이외,-,2812,3150,9439,12405,9540,8967,10441
"아시아","아세안","소계",가전·전자·통신기기,가전·전자,계,-,-,3176,-,-,-,-,11206
"아시아","아세안","소계",가전·전자·통신기기,가전·전자,면세점,-,-,28,-,-,-,-,778
"아시아","아세안","소계",가전·전자·통신기기,가전·전자,면세점 이외,-,-,3148,-,-,-,-,10428
"아시아","아세안","소계",가전·전자·통신기기,통신기기,계,-,-,4,-,-,-,-,14
"아시아","아세안","소계",가전·전자·통신기기,통신기기,면세점,-,-,2,-,-,-,-,1
"아시아","아세안","소계",가전·전자·통신기기,통신기기,면세점 이외,-,-,2,-,-,-,-,13
"아시아","아세안","소계",소프트웨어,소계,계,19,0,0,8,3,3,0,24
"아시아","아세안","소계",소프트웨어,소계,면세점,-,0,0,0,0,0,0,0
"아시아","아세안","소계",소프트웨어,소계,면세점 이외,-,0,0,8,3,3,0,24
"아시아","아세안","소계",서 적,소계,계,161,1248,77,4434,4192,4078,2152,884
"아시아","아세안","소계",서 적,소계,면세점,-,0,0,0,0,0,0,0
"아시아","아세안","소계",서 적,소계,면세점 이외,-,1248,77,4434,4192,4078,2152,884
"아시아","아세안","소계",사무·문구,소계,계,809,698,933,2374,3279,2528,2625,2881
"아시아","아세안","소계",사무·문구,소계,면세점,-,0,0,0,0,0,3,0
"아시아","아세안","소계",사무·문구,소계,면세점 이외,-,698,933,2374,3279,2528,2622,2881
"아시아","아세안","소계",음반·비디오·악기,소계,계,101,1875,912,7634,16135,19796,13137,4007
"아시아","아세안","소계",음반·비디오·악기,소계,면세점,-,0,0,0,0,0,0,0
"아시아","아세안","소계",음반·비디오·악기,소계,면세점 이외,-,1875,912,7634,16135,19796,13137,4007
"아시아","아세안","소계",의류 및 패션 관련 상품,소계,계,3473,9664,9129,31247,39339,30744,32980,27025
"아시아","아세안","소계",의류 및 패션 관련 상품,소계,면세점,-,1625,416,5827,1347,179,847,1155
"아시아","아세안","소계",의류 및 패션 관련 상품,소계,면세점 이외,-,8039,8713,25420,37992,30565,32133,25870
"아시아","아세안","소계",스포츠·레저용품,소계,계,873,1715,1827,6118,7423,5693,5460,6269
"아시아","아세안","소계",스포츠·레저용품,소계,면세점,-,0,0,0,0,0,0,0
"아시아","아세안","소계",스포츠·레저용품,소계,면세점 이외,-,1715,1827,6118,7423,5693,5460,6269
"아시아","아세안","소계",화장품,소계,계,398,29680,9392,116421,35667,10736,19282,34597
"아시아","아세안","소계",화장품,소계,면세점,-,25505,7828,105917,28335,6582,15650,28585
"아시아","아세안","소계",화장품,소계,면세점 이외,-,4175,1564,10504,7332,4154,3632,6012
"아시아","아세안","소계",아동·유아용품,소계,계,94,1344,190,5109,2698,2802,1089,912
"아시아","아세안","소계",아동·유아용품,소계,면세점,-,1,0,5,0,0,0,0
"아시아","아세안","소계",아동·유아용품,소계,면세점 이외,-,1343,190,5104,2698,2802,1089,912
"아시아","아세안","소계",음·식료품,소계,계,247,680,408,2762,4461,1810,743,703
"아시아","아세안","소계",음·식료품,소계,면세점,-,333,216,1306,170,51,152,250
"아시아","아세안","소계",음·식료품,소계,면세점 이외,-,347,192,1456,4291,1759,591,453
"아시아","아세안","소계",농축수산물,소계,계,93,12,0,33,17,4,0,0
"아시아","아세안","소계",농축수산물,소계,면세점,-,0,0,0,0,0,0,0
"아시아","아세안","소계",농축수산물,소계,면세점 이외,-,12,0,33,17,4,0,0
"아시아","아세안","소계",생활·자동차용품,소계,계,1053,1613,1549,5604,6432,7966,4749,5281
"아시아","아세안","소계",생활·자동차용품,소계,면세점,-,0,0,0,0,0,0,0
"아시아","아세안","소계",생활·자동차용품,소계,면세점 이외,-,1613,1549,5604,6432,7966,4749,5281
"아시아","아세안","소계",기 타,소계,계,381,2986,513,3979,2620,4030,1333,760
"아시아","아세안","소계",기 타,소계,면세점,-,0,1,1,0,0,0,0
"아시아","아세안","소계",기 타,소계,면세점 이외,-,2986,512,3978,2620,4030,1333,760
"아시아","중동","소계",합계,소계,계,2262,2752,855,9325,11467,6111,2635,3568
"아시아","중동","소계",합계,소계,면세점,-,0,1,0,0,0,0,1
"아시아","중동","소계",합계,소계,면세점 이외,-,2752,854,9325,11467,6111,2635,3567
"아시아","중동","소계",컴퓨터 및 주변기기,소계,계,145,79,136,335,388,244,97,286
"아시아","중동","소계",컴퓨터 및 주변기기,소계,면세점,-,0,0,0,0,0,0,0
"아시아","중동","소계",컴퓨터 및 주변기기,소계,면세점 이외,-,79,136,335,388,244,97,286
"아시아","중동","소계",가전·전자·통신기기,소계,계,665,356,19,834,839,426,65,64
"아시아","중동","소계",가전·전자·통신기기,소계,면세점,-,0,0,0,0,0,0,0
"아시아","중동","소계",가전·전자·통신기기,소계,면세점 이외,-,356,19,834,839,426,65,64
"아시아","중동","소계",가전·전자·통신기기,가전·전자,계,-,-,19,-,-,-,-,49
"아시아","중동","소계",가전·전자·통신기기,가전·전자,면세점,-,-,0,-,-,-,-,0
"아시아","중동","소계",가전·전자·통신기기,가전·전자,면세점 이외,-,-,19,-,-,-,-,49
"아시아","중동","소계",가전·전자·통신기기,통신기기,계,-,-,0,-,-,-,-,15
"아시아","중동","소계",가전·전자·통신기기,통신기기,면세점,-,-,0,-,-,-,-,0
"아시아","중동","소계",가전·전자·통신기기,통신기기,면세점 이외,-,-,0,-,-,-,-,15
"아시아","중동","소계",소프트웨어,소계,계,7,1,0,20,17,5,0,1
"아시아","중동","소계",소프트웨어,소계,면세점,-,0,0,0,0,0,0,0
"아시아","중동","소계",소프트웨어,소계,면세점 이외,-,1,0,20,17,5,0,1
"아시아","중동","소계",서 적,소계,계,4,100,13,294,139,145,151,137
"아시아","중동","소계",서 적,소계,면세점,-,0,0,0,0,0,0,0
"아시아","중동","소계",서 적,소계,면세점 이외,-,100,13,294,139,145,151,137
"아시아","중동","소계",사무·문구,소계,계,0,0,12,4,4,9,10,9
"아시아","중동","소계",사무·문구,소계,면세점,-,0,0,0,0,0,0,0
"아시아","중동","소계",사무·문구,소계,면세점 이외,-,0,12,4,4,9,10,9
"아시아","중동","소계",음반·비디오·악기,소계,계,30,360,183,1107,3250,1356,939,1647
"아시아","중동","소계",음반·비디오·악기,소계,면세점,-,0,0,0,0,0,0,0
"아시아","중동","소계",음반·비디오·악기,소계,면세점 이외,-,360,183,1107,3250,1356,939,1647
"아시아","중동","소계",의류 및 패션 관련 상품,소계,계,342,251,79,951,1776,1383,669,319
"아시아","중동","소계",의류 및 패션 관련 상품,소계,면세점,-,0,0,0,0,0,0,0
"아시아","중동","소계",의류 및 패션 관련 상품,소계,면세점 이외,-,251,79,951,1776,1383,669,319
"아시아","중동","소계",스포츠·레저용품,소계,계,69,51,1,180,196,109,7,4
"아시아","중동","소계",스포츠·레저용품,소계,면세점,-,0,0,0,0,0,0,0
"아시아","중동","소계",스포츠·레저용품,소계,면세점 이외,-,51,1,180,196,109,7,4
"아시아","중동","소계",화장품,소계,계,418,1134,373,3399,2217,1396,582,1007
"아시아","중동","소계",화장품,소계,면세점,-,0,1,0,0,0,0,1
"아시아","중동","소계",화장품,소계,면세점 이외,-,1134,372,3399,2217,1396,582,1006
"아시아","중동","소계",아동·유아용품,소계,계,126,45,1,156,121,85,17,6
"아시아","중동","소계",아동·유아용품,소계,면세점,-,0,0,0,0,0,0,0
"아시아","중동","소계",아동·유아용품,소계,면세점 이외,-,45,1,156,121,85,17,6
"아시아","중동","소계",음·식료품,소계,계,26,8,1,27,927,8,10,4
"아시아","중동","소계",음·식료품,소계,면세점,-,0,0,0,0,0,0,0
"아시아","중동","소계",음·식료품,소계,면세점 이외,-,8,1,27,927,8,10,4
"아시아","중동","소계",농축수산물,소계,계,14,0,0,0,0,0,0,0
"아시아","중동","소계",농축수산물,소계,면세점,-,0,0,0,0,0,0,0
"아시아","중동","소계",농축수산물,소계,면세점 이외,-,0,0,0,0,0,0,0
"아시아","중동","소계",생활·자동차용품,소계,계,334,275,20,1572,1060,549,15,25
"아시아","중동","소계",생활·자동차용품,소계,면세점,-,0,0,0,0,0,0,0
"아시아","중동","소계",생활·자동차용품,소계,면세점 이외,-,275,20,1572,1060,549,15,25
"아시아","중동","소계",기 타,소계,계,82,92,17,446,533,388,72,59
"아시아","중동","소계",기 타,소계,면세점,-,0,0,0,0,0,0,0
"아시아","중동","소계",기 타,소계,면세점 이외,-,92,17,446,533,388,72,59
"아시아","기타 아시아","소계",합계,소계,계,-,-,5004,-,-,-,-,5411
"아시아","기타 아시아","소계",합계,소계,면세점,-,-,1515,-,-,-,-,3596
"아시아","기타 아시아","소계",합계,소계,면세점 이외,-,-,3489,-,-,-,-,1815
"아시아","기타 아시아","소계",컴퓨터 및 주변기기,소계,계,-,-,2719,-,-,-,-,229
"아시아","기타 아시아","소계",컴퓨터 및 주변기기,소계,면세점,-,-,0,-,-,-,-,0
"아시아","기타 아시아","소계",컴퓨터 및 주변기기,소계,면세점 이외,-,-,2719,-,-,-,-,229
"아시아","기타 아시아","소계",가전·전자·통신기기,소계,계,-,-,24,-,-,-,-,124
"아시아","기타 아시아","소계",가전·전자·통신기기,소계,면세점,-,-,16,-,-,-,-,75
"아시아","기타 아시아","소계",가전·전자·통신기기,소계,면세점 이외,-,-,8,-,-,-,-,49
"아시아","기타 아시아","소계",가전·전자·통신기기,가전·전자,계,-,-,20,-,-,-,-,93
"아시아","기타 아시아","소계",가전·전자·통신기기,가전·전자,면세점,-,-,16,-,-,-,-,75
"아시아","기타 아시아","소계",가전·전자·통신기기,가전·전자,면세점 이외,-,-,4,-,-,-,-,18
"아시아","기타 아시아","소계",가전·전자·통신기기,통신기기,계,-,-,4,-,-,-,-,31
"아시아","기타 아시아","소계",가전·전자·통신기기,통신기기,면세점,-,-,0,-,-,-,-,0
"아시아","기타 아시아","소계",가전·전자·통신기기,통신기기,면세점 이외,-,-,4,-,-,-,-,31
"아시아","기타 아시아","소계",소프트웨어,소계,계,-,-,0,-,-,-,-,0
"아시아","기타 아시아","소계",소프트웨어,소계,면세점,-,-,0,-,-,-,-,0
"아시아","기타 아시아","소계",소프트웨어,소계,면세점 이외,-,-,0,-,-,-,-,0
"아시아","기타 아시아","소계",서 적,소계,계,-,-,1,-,-,-,-,12
"아시아","기타 아시아","소계",서 적,소계,면세점,-,-,0,-,-,-,-,0
"아시아","기타 아시아","소계",서 적,소계,면세점 이외,-,-,1,-,-,-,-,12
"아시아","기타 아시아","소계",사무·문구,소계,계,-,-,312,-,-,-,-,7
"아시아","기타 아시아","소계",사무·문구,소계,면세점,-,-,0,-,-,-,-,0
"아시아","기타 아시아","소계",사무·문구,소계,면세점 이외,-,-,312,-,-,-,-,7
"아시아","기타 아시아","소계",음반·비디오·악기,소계,계,-,-,191,-,-,-,-,697
"아시아","기타 아시아","소계",음반·비디오·악기,소계,면세점,-,-,0,-,-,-,-,0
"아시아","기타 아시아","소계",음반·비디오·악기,소계,면세점 이외,-,-,191,-,-,-,-,697
"아시아","기타 아시아","소계",의류 및 패션 관련 상품,소계,계,-,-,246,-,-,-,-,672
"아시아","기타 아시아","소계",의류 및 패션 관련 상품,소계,면세점,-,-,181,-,-,-,-,234
"아시아","기타 아시아","소계",의류 및 패션 관련 상품,소계,면세점 이외,-,-,65,-,-,-,-,438
"아시아","기타 아시아","소계",스포츠·레저용품,소계,계,-,-,0,-,-,-,-,1
"아시아","기타 아시아","소계",스포츠·레저용품,소계,면세점,-,-,0,-,-,-,-,0
"아시아","기타 아시아","소계",스포츠·레저용품,소계,면세점 이외,-,-,0,-,-,-,-,1
"아시아","기타 아시아","소계",화장품,소계,계,-,-,1466,-,-,-,-,3580
"아시아","기타 아시아","소계",화장품,소계,면세점,-,-,1278,-,-,-,-,3223
"아시아","기타 아시아","소계",화장품,소계,면세점 이외,-,-,188,-,-,-,-,357
"아시아","기타 아시아","소계",아동·유아용품,소계,계,-,-,1,-,-,-,-,2
"아시아","기타 아시아","소계",아동·유아용품,소계,면세점,-,-,0,-,-,-,-,0
"아시아","기타 아시아","소계",아동·유아용품,소계,면세점 이외,-,-,1,-,-,-,-,2
"아시아","기타 아시아","소계",음·식료품,소계,계,-,-,40,-,-,-,-,70
"아시아","기타 아시아","소계",음·식료품,소계,면세점,-,-,40,-,-,-,-,64
"아시아","기타 아시아","소계",음·식료품,소계,면세점 이외,-,-,0,-,-,-,-,6
"아시아","기타 아시아","소계",농축수산물,소계,계,-,-,0,-,-,-,-,0
"아시아","기타 아시아","소계",농축수산물,소계,면세점,-,-,0,-,-,-,-,0
"아시아","기타 아시아","소계",농축수산물,소계,면세점 이외,-,-,0,-,-,-,-,0
"아시아","기타 아시아","소계",생활·자동차용품,소계,계,-,-,2,-,-,-,-,4
"아시아","기타 아시아","소계",생활·자동차용품,소계,면세점,-,-,0,-,-,-,-,0
"아시아","기타 아시아","소계",생활·자동차용품,소계,면세점 이외,-,-,2,-,-,-,-,4
"아시아","기타 아시아","소계",기 타,소계,계,-,-,2,-,-,-,-,13
"아시아","기타 아시아","소계",기 타,소계,면세점,-,-,0,-,-,-,-,0
"아시아","기타 아시아","소계",기 타,소계,면세점 이외,-,-,2,-,-,-,-,13
"북미","소계","소계",합계,소계,계,-,-,83949,-,-,-,-,250320
"북미","소계","소계",합계,소계,면세점,-,-,1446,-,-,-,-,3470
"북미","소계","소계",합계,소계,면세점 이외,-,-,82503,-,-,-,-,246850
"북미","소계","소계",컴퓨터 및 주변기기,소계,계,-,-,10108,-,-,-,-,4923
"북미","소계","소계",컴퓨터 및 주변기기,소계,면세점,-,-,0,-,-,-,-,0
"북미","소계","소계",컴퓨터 및 주변기기,소계,면세점 이외,-,-,10108,-,-,-,-,4923
"북미","소계","소계",가전·전자·통신기기,소계,계,-,-,1485,-,-,-,-,3487
"북미","소계","소계",가전·전자·통신기기,소계,면세점,-,-,65,-,-,-,-,101
"북미","소계","소계",가전·전자·통신기기,소계,면세점 이외,-,-,1420,-,-,-,-,3386
"북미","소계","소계",가전·전자·통신기기,가전·전자,계,-,-,1449,-,-,-,-,3162
"북미","소계","소계",가전·전자·통신기기,가전·전자,면세점,-,-,59,-,-,-,-,87
"북미","소계","소계",가전·전자·통신기기,가전·전자,면세점 이외,-,-,1390,-,-,-,-,3075
"북미","소계","소계",가전·전자·통신기기,통신기기,계,-,-,36,-,-,-,-,325
"북미","소계","소계",가전·전자·통신기기,통신기기,면세점,-,-,6,-,-,-,-,14
"북미","소계","소계",가전·전자·통신기기,통신기기,면세점 이외,-,-,30,-,-,-,-,311
"북미","소계","소계",소프트웨어,소계,계,-,-,27,-,-,-,-,583
"북미","소계","소계",소프트웨어,소계,면세점,-,-,0,-,-,-,-,0
"북미","소계","소계",소프트웨어,소계,면세점 이외,-,-,27,-,-,-,-,583
"북미","소계","소계",서 적,소계,계,-,-,1011,-,-,-,-,5700
"북미","소계","소계",서 적,소계,면세점,-,-,0,-,-,-,-,0
"북미","소계","소계",서 적,소계,면세점 이외,-,-,1011,-,-,-,-,5700
"북미","소계","소계",사무·문구,소계,계,-,-,2397,-,-,-,-,2777
"북미","소계","소계",사무·문구,소계,면세점,-,-,1,-,-,-,-,0
"북미","소계","소계",사무·문구,소계,면세점 이외,-,-,2396,-,-,-,-,2777
"북미","소계","소계",음반·비디오·악기,소계,계,-,-,8075,-,-,-,-,44627
"북미","소계","소계",음반·비디오·악기,소계,면세점,-,-,0,-,-,-,-,0
"북미","소계","소계",음반·비디오·악기,소계,면세점 이외,-,-,8075,-,-,-,-,44627
"북미","소계","소계",의류 및 패션 관련 상품,소계,계,-,-,25470,-,-,-,-,88035
"북미","소계","소계",의류 및 패션 관련 상품,소계,면세점,-,-,168,-,-,-,-,340
"북미","소계","소계",의류 및 패션 관련 상품,소계,면세점 이외,-,-,25302,-,-,-,-,87695
"북미","소계","소계",스포츠·레저용품,소계,계,-,-,230,-,-,-,-,1102
"북미","소계","소계",스포츠·레저용품,소계,면세점,-,-,0,-,-,-,-,0
"북미","소계","소계",스포츠·레저용품,소계,면세점 이외,-,-,230,-,-,-,-,1102
"북미","소계","소계",화장품,소계,계,-,-,20061,-,-,-,-,54327
"북미","소계","소계",화장품,소계,면세점,-,-,1014,-,-,-,-,2597
"북미","소계","소계",화장품,소계,면세점 이외,-,-,19047,-,-,-,-,51730
"북미","소계","소계",아동·유아용품,소계,계,-,-,285,-,-,-,-,1620
"북미","소계","소계",아동·유아용품,소계,면세점,-,-,0,-,-,-,-,0
"북미","소계","소계",아동·유아용품,소계,면세점 이외,-,-,285,-,-,-,-,1620
"북미","소계","소계",음·식료품,소계,계,-,-,1886,-,-,-,-,7199
"북미","소계","소계",음·식료품,소계,면세점,-,-,197,-,-,-,-,432
"북미","소계","소계",음·식료품,소계,면세점 이외,-,-,1689,-,-,-,-,6767
"북미","소계","소계",농축수산물,소계,계,-,-,8,-,-,-,-,32
"북미","소계","소계",농축수산물,소계,면세점,-,-,0,-,-,-,-,0
"북미","소계","소계",농축수산물,소계,면세점 이외,-,-,8,-,-,-,-,32
"북미","소계","소계",생활·자동차용품,소계,계,-,-,3164,-,-,-,-,7403
"북미","소계","소계",생활·자동차용품,소계,면세점,-,-,1,-,-,-,-,0
"북미","소계","소계",생활·자동차용품,소계,면세점 이외,-,-,3163,-,-,-,-,7403
"북미","소계","소계",기 타,소계,계,-,-,9742,-,-,-,-,28505
"북미","소계","소계",기 타,소계,면세점,-,-,0,-,-,-,-,0
"북미","소계","소계",기 타,소계,면세점 이외,-,-,9742,-,-,-,-,28505
"북미","미국","소계",합계,소계,계,25773,54054,80956,195524,256569,275283,213205,243362
"북미","미국","소계",합계,소계,면세점,-,1481,1416,8907,1185,2013,931,3368
"북미","미국","소계",합계,소계,면세점 이외,-,52573,79540,186617,255384,273270,212274,239994
"북미","미국","소계",컴퓨터 및 주변기기,소계,계,2216,1383,9463,5742,6057,6602,3854,4529
"북미","미국","소계",컴퓨터 및 주변기기,소계,면세점,-,0,0,0,0,0,0,0
"북미","미국","소계",컴퓨터 및 주변기기,소계,면세점 이외,-,1383,9463,5742,6057,6602,3854,4529
"북미","미국","소계",가전·전자·통신기기,소계,계,2875,1787,1451,8635,10123,7245,2152,3293
"북미","미국","소계",가전·전자·통신기기,소계,면세점,-,49,61,338,20,10,10,86
"북미","미국","소계",가전·전자·통신기기,소계,면세점 이외,-,1738,1390,8297,10103,7235,2142,3207
"북미","미국","소계",가전·전자·통신기기,가전·전자,계,-,-,1416,-,-,-,-,3010
"북미","미국","소계",가전·전자·통신기기,가전·전자,면세점,-,-,56,-,-,-,-,85
"북미","미국","소계",가전·전자·통신기기,가전·전자,면세점 이외,-,-,1360,-,-,-,-,2925
"북미","미국","소계",가전·전자·통신기기,통신기기,계,-,-,35,-,-,-,-,283
"북미","미국","소계",가전·전자·통신기기,통신기기,면세점,-,-,5,-,-,-,-,1
"북미","미국","소계",가전·전자·통신기기,통신기기,면세점 이외,-,-,30,-,-,-,-,282
"북미","미국","소계",소프트웨어,소계,계,47,338,27,700,865,866,493,581
"북미","미국","소계",소프트웨어,소계,면세점,-,0,0,0,0,0,0,0
"북미","미국","소계",소프트웨어,소계,면세점 이외,-,338,27,700,865,866,493,581
"북미","미국","소계",서 적,소계,계,962,1720,970,8138,9709,6726,5669,5376
"북미","미국","소계",서 적,소계,면세점,-,0,0,0,0,0,0,0
"북미","미국","소계",서 적,소계,면세점 이외,-,1720,970,8138,9709,6726,5669,5376
"북미","미국","소계",사무·문구,소계,계,25,101,2266,454,398,3439,2894,2651
"북미","미국","소계",사무·문구,소계,면세점,-,0,1,0,0,0,1,0
"북미","미국","소계",사무·문구,소계,면세점 이외,-,101,2265,454,398,3439,2893,2651
"북미","미국","소계",음반·비디오·악기,소계,계,787,4786,7515,19596,32919,41892,29813,42669
"북미","미국","소계",음반·비디오·악기,소계,면세점,-,0,0,0,0,0,0,0
"북미","미국","소계",음반·비디오·악기,소계,면세점 이외,-,4786,7515,19596,32919,41892,29813,42669
"북미","미국","소계",의류 및 패션 관련 상품,소계,계,9810,16161,25137,55536,82207,96044,86694,86764
"북미","미국","소계",의류 및 패션 관련 상품,소계,면세점,-,91,168,411,53,59,116,333
"북미","미국","소계",의류 및 패션 관련 상품,소계,면세점 이외,-,16070,24969,55125,82154,95985,86578,86431
"북미","미국","소계",스포츠·레저용품,소계,계,573,864,221,6768,5862,4952,1696,1068
"북미","미국","소계",스포츠·레저용품,소계,면세점,-,0,0,4,0,0,0,0
"북미","미국","소계",스포츠·레저용품,소계,면세점 이외,-,864,221,6764,5862,4952,1696,1068
"북미","미국","소계",화장품,소계,계,3740,13494,19075,49620,50509,41815,33724,52539
"북미","미국","소계",화장품,소계,면세점,-,1271,1004,7834,1063,1855,548,2561
"북미","미국","소계",화장품,소계,면세점 이외,-,12223,18071,41786,49446,39960,33176,49978
"북미","미국","소계",아동·유아용품,소계,계,583,1928,280,5598,4934,6434,1993,1581
"북미","미국","소계",아동·유아용품,소계,면세점,-,0,0,0,0,0,0,0
"북미","미국","소계",아동·유아용품,소계,면세점 이외,-,1928,280,5598,4934,6434,1993,1581
"북미","미국","소계",음·식료품,소계,계,381,424,1764,1675,2755,3913,4969,7002
"북미","미국","소계",음·식료품,소계,면세점,-,70,181,318,49,89,256,388
"북미","미국","소계",음·식료품,소계,면세점 이외,-,354,1583,1357,2706,3824,4713,6614
"북미","미국","소계",농축수산물,소계,계,94,2,8,13,33,20,44,32
"북미","미국","소계",농축수산물,소계,면세점,-,0,0,0,0,0,0,0
"북미","미국","소계",농축수산물,소계,면세점 이외,-,2,8,13,33,20,44,32
"북미","미국","소계",생활·자동차용품,소계,계,1931,3713,3090,11706,11467,9693,4289,7312
"북미","미국","소계",생활·자동차용품,소계,면세점,-,0,1,2,0,0,0,0
"북미","미국","소계",생활·자동차용품,소계,면세점 이외,-,3713,3089,11704,11467,9693,4289,7312
"북미","미국","소계",기 타,소계,계,1749,7353,9689,21343,38731,45645,34923,27965
"북미","미국","소계",기 타,소계,면세점,-,0,0,0,0,0,0,0
"북미","미국","소계",기 타,소계,면세점 이외,-,7353,9689,21343,38731,45645,34923,27965
"북미","캐나다","소계",합계,소계,계,-,-,2993,-,-,-,-,6958
"북미","캐나다","소계",합계,소계,면세점,-,-,30,-,-,-,-,102
"북미","캐나다","소계",합계,소계,면세점 이외,-,-,2963,-,-,-,-,6856
"북미","캐나다","소계",컴퓨터 및 주변기기,소계,계,-,-,645,-,-,-,-,394
"북미","캐나다","소계",컴퓨터 및 주변기기,소계,면세점,-,-,0,-,-,-,-,0
"북미","캐나다","소계",컴퓨터 및 주변기기,소계,면세점 이외,-,-,645,-,-,-,-,394
"북미","캐나다","소계",가전·전자·통신기기,소계,계,-,-,34,-,-,-,-,194
"북미","캐나다","소계",가전·전자·통신기기,소계,면세점,-,-,4,-,-,-,-,15
"북미","캐나다","소계",가전·전자·통신기기,소계,면세점 이외,-,-,30,-,-,-,-,179
"북미","캐나다","소계",가전·전자·통신기기,가전·전자,계,-,-,33,-,-,-,-,152
"북미","캐나다","소계",가전·전자·통신기기,가전·전자,면세점,-,-,3,-,-,-,-,2
"북미","캐나다","소계",가전·전자·통신기기,가전·전자,면세점 이외,-,-,30,-,-,-,-,150
"북미","캐나다","소계",가전·전자·통신기기,통신기기,계,-,-,1,-,-,-,-,42
"북미","캐나다","소계",가전·전자·통신기기,통신기기,면세점,-,-,1,-,-,-,-,13
"북미","캐나다","소계",가전·전자·통신기기,통신기기,면세점 이외,-,-,0,-,-,-,-,29
"북미","캐나다","소계",소프트웨어,소계,계,-,-,0,-,-,-,-,2
"북미","캐나다","소계",소프트웨어,소계,면세점,-,-,0,-,-,-,-,0
"북미","캐나다","소계",소프트웨어,소계,면세점 이외,-,-,0,-,-,-,-,2
"북미","캐나다","소계",서 적,소계,계,-,-,41,-,-,-,-,324
"북미","캐나다","소계",서 적,소계,면세점,-,-,0,-,-,-,-,0
"북미","캐나다","소계",서 적,소계,면세점 이외,-,-,41,-,-,-,-,324
"북미","캐나다","소계",사무·문구,소계,계,-,-,131,-,-,-,-,126
"북미","캐나다","소계",사무·문구,소계,면세점,-,-,0,-,-,-,-,0
"북미","캐나다","소계",사무·문구,소계,면세점 이외,-,-,131,-,-,-,-,126
"북미","캐나다","소계",음반·비디오·악기,소계,계,-,-,560,-,-,-,-,1958
"북미","캐나다","소계",음반·비디오·악기,소계,면세점,-,-,0,-,-,-,-,0
"북미","캐나다","소계",음반·비디오·악기,소계,면세점 이외,-,-,560,-,-,-,-,1958
"북미","캐나다","소계",의류 및 패션 관련 상품,소계,계,-,-,333,-,-,-,-,1271
"북미","캐나다","소계",의류 및 패션 관련 상품,소계,면세점,-,-,0,-,-,-,-,7
"북미","캐나다","소계",의류 및 패션 관련 상품,소계,면세점 이외,-,-,333,-,-,-,-,1264
"북미","캐나다","소계",스포츠·레저용품,소계,계,-,-,9,-,-,-,-,34
"북미","캐나다","소계",스포츠·레저용품,소계,면세점,-,-,0,-,-,-,-,0
"북미","캐나다","소계",스포츠·레저용품,소계,면세점 이외,-,-,9,-,-,-,-,34
"북미","캐나다","소계",화장품,소계,계,-,-,986,-,-,-,-,1788
"북미","캐나다","소계",화장품,소계,면세점,-,-,10,-,-,-,-,36
"북미","캐나다","소계",화장품,소계,면세점 이외,-,-,976,-,-,-,-,1752
"북미","캐나다","소계",아동·유아용품,소계,계,-,-,5,-,-,-,-,39
"북미","캐나다","소계",아동·유아용품,소계,면세점,-,-,0,-,-,-,-,0
"북미","캐나다","소계",아동·유아용품,소계,면세점 이외,-,-,5,-,-,-,-,39
"북미","캐나다","소계",음·식료품,소계,계,-,-,122,-,-,-,-,197
"북미","캐나다","소계",음·식료품,소계,면세점,-,-,16,-,-,-,-,44
"북미","캐나다","소계",음·식료품,소계,면세점 이외,-,-,106,-,-,-,-,153
"북미","캐나다","소계",농축수산물,소계,계,-,-,0,-,-,-,-,0
"북미","캐나다","소계",농축수산물,소계,면세점,-,-,0,-,-,-,-,0
"북미","캐나다","소계",농축수산물,소계,면세점 이외,-,-,0,-,-,-,-,0
"북미","캐나다","소계",생활·자동차용품,소계,계,-,-,74,-,-,-,-,91
"북미","캐나다","소계",생활·자동차용품,소계,면세점,-,-,0,-,-,-,-,0
"북미","캐나다","소계",생활·자동차용품,소계,면세점 이외,-,-,74,-,-,-,-,91
"북미","캐나다","소계",기 타,소계,계,-,-,53,-,-,-,-,540
"북미","캐나다","소계",기 타,소계,면세점,-,-,0,-,-,-,-,0
"북미","캐나다","소계",기 타,소계,면세점 이외,-,-,53,-,-,-,-,540
"유럽","소계","소계",합계,소계,계,-,-,12246,-,-,-,-,39074
"유럽","소계","소계",합계,소계,면세점,-,-,72,-,-,-,-,520
"유럽","소계","소계",합계,소계,면세점 이외,-,-,12174,-,-,-,-,38554
"유럽","소계","소계",컴퓨터 및 주변기기,소계,계,-,-,6137,-,-,-,-,6147
"유럽","소계","소계",컴퓨터 및 주변기기,소계,면세점,-,-,0,-,-,-,-,0
"유럽","소계","소계",컴퓨터 및 주변기기,소계,면세점 이외,-,-,6137,-,-,-,-,6147
"유럽","소계","소계",가전·전자·통신기기,소계,계,-,-,355,-,-,-,-,1514
"유럽","소계","소계",가전·전자·통신기기,소계,면세점,-,-,5,-,-,-,-,16
"유럽","소계","소계",가전·전자·통신기기,소계,면세점 이외,-,-,350,-,-,-,-,1498
"유럽","소계","소계",가전·전자·통신기기,가전·전자,계,-,-,217,-,-,-,-,1093
"유럽","소계","소계",가전·전자·통신기기,가전·전자,면세점,-,-,5,-,-,-,-,10
"유럽","소계","소계",가전·전자·통신기기,가전·전자,면세점 이외,-,-,212,-,-,-,-,1083
"유럽","소계","소계",가전·전자·통신기기,통신기기,계,-,-,138,-,-,-,-,421
"유럽","소계","소계",가전·전자·통신기기,통신기기,면세점,-,-,0,-,-,-,-,6
"유럽","소계","소계",가전·전자·통신기기,통신기기,면세점 이외,-,-,138,-,-,-,-,415
"유럽","소계","소계",소프트웨어,소계,계,-,-,0,-,-,-,-,7
"유럽","소계","소계",소프트웨어,소계,면세점,-,-,0,-,-,-,-,0
"유럽","소계","소계",소프트웨어,소계,면세점 이외,-,-,0,-,-,-,-,7
"유럽","소계","소계",서 적,소계,계,-,-,106,-,-,-,-,891
"유럽","소계","소계",서 적,소계,면세점,-,-,0,-,-,-,-,0
"유럽","소계","소계",서 적,소계,면세점 이외,-,-,106,-,-,-,-,891
"유럽","소계","소계",사무·문구,소계,계,-,-,842,-,-,-,-,281
"유럽","소계","소계",사무·문구,소계,면세점,-,-,0,-,-,-,-,0
"유럽","소계","소계",사무·문구,소계,면세점 이외,-,-,842,-,-,-,-,281
"유럽","소계","소계",음반·비디오·악기,소계,계,-,-,1602,-,-,-,-,22434
"유럽","소계","소계",음반·비디오·악기,소계,면세점,-,-,0,-,-,-,-,0
"유럽","소계","소계",음반·비디오·악기,소계,면세점 이외,-,-,1602,-,-,-,-,22434
"유럽","소계","소계",의류 및 패션 관련 상품,소계,계,-,-,1208,-,-,-,-,3529
"유럽","소계","소계",의류 및 패션 관련 상품,소계,면세점,-,-,12,-,-,-,-,116
"유럽","소계","소계",의류 및 패션 관련 상품,소계,면세점 이외,-,-,1196,-,-,-,-,3413
"유럽","소계","소계",스포츠·레저용품,소계,계,-,-,23,-,-,-,-,468
"유럽","소계","소계",스포츠·레저용품,소계,면세점,-,-,0,-,-,-,-,0
"유럽","소계","소계",스포츠·레저용품,소계,면세점 이외,-,-,23,-,-,-,-,468
"유럽","소계","소계",화장품,소계,계,-,-,1404,-,-,-,-,2508
"유럽","소계","소계",화장품,소계,면세점,-,-,47,-,-,-,-,346
"유럽","소계","소계",화장품,소계,면세점 이외,-,-,1357,-,-,-,-,2162
"유럽","소계","소계",아동·유아용품,소계,계,-,-,70,-,-,-,-,194
"유럽","소계","소계",아동·유아용품,소계,면세점,-,-,0,-,-,-,-,0
"유럽","소계","소계",아동·유아용품,소계,면세점 이외,-,-,70,-,-,-,-,194
"유럽","소계","소계",음·식료품,소계,계,-,-,27,-,-,-,-,134
"유럽","소계","소계",음·식료품,소계,면세점,-,-,8,-,-,-,-,42
"유럽","소계","소계",음·식료품,소계,면세점 이외,-,-,19,-,-,-,-,92
"유럽","소계","소계",농축수산물,소계,계,-,-,0,-,-,-,-,0
"유럽","소계","소계",농축수산물,소계,면세점,-,-,0,-,-,-,-,0
"유럽","소계","소계",농축수산물,소계,면세점 이외,-,-,0,-,-,-,-,0
"유럽","소계","소계",생활·자동차용품,소계,계,-,-,123,-,-,-,-,174
"유럽","소계","소계",생활·자동차용품,소계,면세점,-,-,0,-,-,-,-,0
"유럽","소계","소계",생활·자동차용품,소계,면세점 이외,-,-,123,-,-,-,-,174
"유럽","소계","소계",기 타,소계,계,-,-,349,-,-,-,-,793
"유럽","소계","소계",기 타,소계,면세점,-,-,0,-,-,-,-,0
"유럽","소계","소계",기 타,소계,면세점 이외,-,-,349,-,-,-,-,793
"유럽","유럽연합+영국","소계",합계,소계,계,7023,12686,11421,40163,40842,31694,17615,36091
"유럽","유럽연합+영국","소계",합계,소계,면세점,-,206,67,1155,977,44,71,121
"유럽","유럽연합+영국","소계",합계,소계,면세점 이외,-,12480,11354,39008,39865,31650,17544,35970
"유럽","유럽연합+영국","소계",컴퓨터 및 주변기기,소계,계,741,617,5829,2478,1910,1359,3166,5984
"유럽","유럽연합+영국","소계",컴퓨터 및 주변기기,소계,면세점,-,0,0,0,0,0,0,0
"유럽","유럽연합+영국","소계",컴퓨터 및 주변기기,소계,면세점 이외,-,617,5829,2478,1910,1359,3166,5984
"유럽","유럽연합+영국","소계",가전·전자·통신기기,소계,계,1532,2058,354,3680,3041,1798,436,1484
"유럽","유럽연합+영국","소계",가전·전자·통신기기,소계,면세점,-,7,5,21,1,0,1,9
"유럽","유럽연합+영국","소계",가전·전자·통신기기,소계,면세점 이외,-,2051,349,3659,3040,1798,435,1475
"유럽","유럽연합+영국","소계",가전·전자·통신기기,가전·전자,계,-,-,216,-,-,-,-,1063
"유럽","유럽연합+영국","소계",가전·전자·통신기기,가전·전자,면세점,-,-,5,-,-,-,-,3
"유럽","유럽연합+영국","소계",가전·전자·통신기기,가전·전자,면세점 이외,-,-,211,-,-,-,-,1060
"유럽","유럽연합+영국","소계",가전·전자·통신기기,통신기기,계,-,-,138,-,-,-,-,421
"유럽","유럽연합+영국","소계",가전·전자·통신기기,통신기기,면세점,-,-,0,-,-,-,-,6
"유럽","유럽연합+영국","소계",가전·전자·통신기기,통신기기,면세점 이외,-,-,138,-,-,-,-,415
"유럽","유럽연합+영국","소계",소프트웨어,소계,계,48,28,0,94,99,79,0,7
"유럽","유럽연합+영국","소계",소프트웨어,소계,면세점,-,0,0,0,0,0,0,0
"유럽","유럽연합+영국","소계",소프트웨어,소계,면세점 이외,-,28,0,94,99,79,0,7
"유럽","유럽연합+영국","소계",서 적,소계,계,13,95,101,257,514,963,934,816
"유럽","유럽연합+영국","소계",서 적,소계,면세점,-,0,0,0,0,0,0,0
"유럽","유럽연합+영국","소계",서 적,소계,면세점 이외,-,95,101,257,514,963,934,816
"유럽","유럽연합+영국","소계",사무·문구,소계,계,7,10,803,36,25,79,70,267
"유럽","유럽연합+영국","소계",사무·문구,소계,면세점,-,0,0,1,0,0,0,0
"유럽","유럽연합+영국","소계",사무·문구,소계,면세점 이외,-,10,803,35,25,79,70,267
"유럽","유럽연합+영국","소계",음반·비디오·악기,소계,계,624,2697,1433,8507,12092,9636,5528,21490
"유럽","유럽연합+영국","소계",음반·비디오·악기,소계,면세점,-,0,0,0,0,0,0,0
"유럽","유럽연합+영국","소계",음반·비디오·악기,소계,면세점 이외,-,2697,1433,8507,12092,9636,5528,21490
"유럽","유럽연합+영국","소계",의류 및 패션 관련 상품,소계,계,1364,862,1172,3694,5128,4716,4442,2924
"유럽","유럽연합+영국","소계",의류 및 패션 관련 상품,소계,면세점,-,15,10,64,8,10,37,25
"유럽","유럽연합+영국","소계",의류 및 패션 관련 상품,소계,면세점 이외,-,847,1162,3630,5120,4706,4405,2899
"유럽","유럽연합+영국","소계",스포츠·레저용품,소계,계,234,212,10,1424,1297,1170,643,342
"유럽","유럽연합+영국","소계",스포츠·레저용품,소계,면세점,-,0,0,0,0,0,0,0
"유럽","유럽연합+영국","소계",스포츠·레저용품,소계,면세점 이외,-,212,10,1424,1297,1170,643,342
"유럽","유럽연합+영국","소계",화장품,소계,계,937,3912,1255,12841,8487,4082,1218,1695
"유럽","유럽연합+영국","소계",화장품,소계,면세점,-,179,44,1035,963,32,27,70
"유럽","유럽연합+영국","소계",화장품,소계,면세점 이외,-,3733,1211,11806,7524,4050,1191,1625
"유럽","유럽연합+영국","소계",아동·유아용품,소계,계,266,417,8,1253,1354,1798,141,81
"유럽","유럽연합+영국","소계",아동·유아용품,소계,면세점,-,0,0,0,0,0,0,0
"유럽","유럽연합+영국","소계",아동·유아용품,소계,면세점 이외,-,417,8,1253,1354,1798,141,81
"유럽","유럽연합+영국","소계",음·식료품,소계,계,87,19,25,86,428,56,57,109
"유럽","유럽연합+영국","소계",음·식료품,소계,면세점,-,5,8,34,5,2,6,17
"유럽","유럽연합+영국","소계",음·식료품,소계,면세점 이외,-,14,17,52,423,54,51,92
"유럽","유럽연합+영국","소계",농축수산물,소계,계,37,0,0,0,0,0,0,0
"유럽","유럽연합+영국","소계",농축수산물,소계,면세점,-,0,0,0,0,0,0,0
"유럽","유럽연합+영국","소계",농축수산물,소계,면세점 이외,-,0,0,0,0,0,0,0
"유럽","유럽연합+영국","소계",생활·자동차용품,소계,계,608,845,118,2515,2560,1939,88,146
"유럽","유럽연합+영국","소계",생활·자동차용품,소계,면세점,-,0,0,0,0,0,0,0
"유럽","유럽연합+영국","소계",생활·자동차용품,소계,면세점 이외,-,845,118,2515,2560,1939,88,146
"유럽","유럽연합+영국","소계",기 타,소계,계,525,914,313,3298,3907,4018,901,746
"유럽","유럽연합+영국","소계",기 타,소계,면세점,-,0,0,0,0,0,0,0
"유럽","유럽연합+영국","소계",기 타,소계,면세점 이외,-,914,313,3298,3907,4018,901,746
"유럽","유럽연합+영국","유럽연합",합계,소계,계,-,-,8712,-,-,-,-,30897
"유럽","유럽연합+영국","유럽연합",합계,소계,면세점,-,-,65,-,-,-,-,112
"유럽","유럽연합+영국","유럽연합",합계,소계,면세점 이외,-,-,8647,-,-,-,-,30785
"유럽","유럽연합+영국","유럽연합",컴퓨터 및 주변기기,소계,계,-,-,5053,-,-,-,-,5663
"유럽","유럽연합+영국","유럽연합",컴퓨터 및 주변기기,소계,면세점,-,-,0,-,-,-,-,0
"유럽","유럽연합+영국","유럽연합",컴퓨터 및 주변기기,소계,면세점 이외,-,-,5053,-,-,-,-,5663
"유럽","유럽연합+영국","유럽연합",가전·전자·통신기기,소계,계,-,-,231,-,-,-,-,1207
"유럽","유럽연합+영국","유럽연합",가전·전자·통신기기,소계,면세점,-,-,4,-,-,-,-,9
"유럽","유럽연합+영국","유럽연합",가전·전자·통신기기,소계,면세점 이외,-,-,227,-,-,-,-,1198
"유럽","유럽연합+영국","유럽연합",가전·전자·통신기기,가전·전자,계,-,-,93,-,-,-,-,797
"유럽","유럽연합+영국","유럽연합",가전·전자·통신기기,가전·전자,면세점,-,-,4,-,-,-,-,3
"유럽","유럽연합+영국","유럽연합",가전·전자·통신기기,가전·전자,면세점 이외,-,-,89,-,-,-,-,794
"유럽","유럽연합+영국","유럽연합",가전·전자·통신기기,통신기기,계,-,-,138,-,-,-,-,410
"유럽","유럽연합+영국","유럽연합",가전·전자·통신기기,통신기기,면세점,-,-,0,-,-,-,-,6
"유럽","유럽연합+영국","유럽연합",가전·전자·통신기기,통신기기,면세점 이외,-,-,138,-,-,-,-,404
"유럽","유럽연합+영국","유럽연합",소프트웨어,소계,계,-,-,0,-,-,-,-,5
"유럽","유럽연합+영국","유럽연합",소프트웨어,소계,면세점,-,-,0,-,-,-,-,0
"유럽","유럽연합+영국","유럽연합",소프트웨어,소계,면세점 이외,-,-,0,-,-,-,-,5
"유럽","유럽연합+영국","유럽연합",서 적,소계,계,-,-,77,-,-,-,-,694
"유럽","유럽연합+영국","유럽연합",서 적,소계,면세점,-,-,0,-,-,-,-,0
"유럽","유럽연합+영국","유럽연합",서 적,소계,면세점 이외,-,-,77,-,-,-,-,694
"유럽","유럽연합+영국","유럽연합",사무·문구,소계,계,-,-,730,-,-,-,-,206
"유럽","유럽연합+영국","유럽연합",사무·문구,소계,면세점,-,-,0,-,-,-,-,0
"유럽","유럽연합+영국","유럽연합",사무·문구,소계,면세점 이외,-,-,730,-,-,-,-,206
"유럽","유럽연합+영국","유럽연합",음반·비디오·악기,소계,계,-,-,979,-,-,-,-,18968
"유럽","유럽연합+영국","유럽연합",음반·비디오·악기,소계,면세점,-,-,0,-,-,-,-,0
"유럽","유럽연합+영국","유럽연합",음반·비디오·악기,소계,면세점 이외,-,-,979,-,-,-,-,18968
"유럽","유럽연합+영국","유럽연합",의류 및 패션 관련 상품,소계,계,-,-,701,-,-,-,-,1961
"유럽","유럽연합+영국","유럽연합",의류 및 패션 관련 상품,소계,면세점,-,-,10,-,-,-,-,22
"유럽","유럽연합+영국","유럽연합",의류 및 패션 관련 상품,소계,면세점 이외,-,-,691,-,-,-,-,1939
"유럽","유럽연합+영국","유럽연합",스포츠·레저용품,소계,계,-,-,7,-,-,-,-,328
"유럽","유럽연합+영국","유럽연합",스포츠·레저용품,소계,면세점,-,-,0,-,-,-,-,0
"유럽","유럽연합+영국","유럽연합",스포츠·레저용품,소계,면세점 이외,-,-,7,-,-,-,-,328
"유럽","유럽연합+영국","유럽연합",화장품,소계,계,-,-,665,-,-,-,-,1168
"유럽","유럽연합+영국","유럽연합",화장품,소계,면세점,-,-,44,-,-,-,-,67
"유럽","유럽연합+영국","유럽연합",화장품,소계,면세점 이외,-,-,621,-,-,-,-,1101
"유럽","유럽연합+영국","유럽연합",아동·유아용품,소계,계,-,-,5,-,-,-,-,59
"유럽","유럽연합+영국","유럽연합",아동·유아용품,소계,면세점,-,-,0,-,-,-,-,0
"유럽","유럽연합+영국","유럽연합",아동·유아용품,소계,면세점 이외,-,-,5,-,-,-,-,59
"유럽","유럽연합+영국","유럽연합",음·식료품,소계,계,-,-,11,-,-,-,-,41
"유럽","유럽연합+영국","유럽연합",음·식료품,소계,면세점,-,-,7,-,-,-,-,14
"유럽","유럽연합+영국","유럽연합",음·식료품,소계,면세점 이외,-,-,4,-,-,-,-,27
"유럽","유럽연합+영국","유럽연합",농축수산물,소계,계,-,-,0,-,-,-,-,0
"유럽","유럽연합+영국","유럽연합",농축수산물,소계,면세점,-,-,0,-,-,-,-,0
"유럽","유럽연합+영국","유럽연합",농축수산물,소계,면세점 이외,-,-,0,-,-,-,-,0
"유럽","유럽연합+영국","유럽연합",생활·자동차용품,소계,계,-,-,87,-,-,-,-,107
"유럽","유럽연합+영국","유럽연합",생활·자동차용품,소계,면세점,-,-,0,-,-,-,-,0
"유럽","유럽연합+영국","유럽연합",생활·자동차용품,소계,면세점 이외,-,-,87,-,-,-,-,107
"유럽","유럽연합+영국","유럽연합",기 타,소계,계,-,-,166,-,-,-,-,490
"유럽","유럽연합+영국","유럽연합",기 타,소계,면세점,-,-,0,-,-,-,-,0
"유럽","유럽연합+영국","유럽연합",기 타,소계,면세점 이외,-,-,166,-,-,-,-,490
"유럽","유럽연합+영국","영국",합계,소계,계,-,-,2709,-,-,-,-,5194
"유럽","유럽연합+영국","영국",합계,소계,면세점,-,-,2,-,-,-,-,9
"유럽","유럽연합+영국","영국",합계,소계,면세점 이외,-,-,2707,-,-,-,-,5185
"유럽","유럽연합+영국","영국",컴퓨터 및 주변기기,소계,계,-,-,776,-,-,-,-,321
"유럽","유럽연합+영국","영국",컴퓨터 및 주변기기,소계,면세점,-,-,0,-,-,-,-,0
"유럽","유럽연합+영국","영국",컴퓨터 및 주변기기,소계,면세점 이외,-,-,776,-,-,-,-,321
"유럽","유럽연합+영국","영국",가전·전자·통신기기,소계,계,-,-,123,-,-,-,-,277
"유럽","유럽연합+영국","영국",가전·전자·통신기기,소계,면세점,-,-,1,-,-,-,-,0
"유럽","유럽연합+영국","영국",가전·전자·통신기기,소계,면세점 이외,-,-,122,-,-,-,-,277
"유럽","유럽연합+영국","영국",가전·전자·통신기기,가전·전자,계,-,-,123,-,-,-,-,266
"유럽","유럽연합+영국","영국",가전·전자·통신기기,가전·전자,면세점,-,-,1,-,-,-,-,0
"유럽","유럽연합+영국","영국",가전·전자·통신기기,가전·전자,면세점 이외,-,-,122,-,-,-,-,266
"유럽","유럽연합+영국","영국",가전·전자·통신기기,통신기기,계,-,-,0,-,-,-,-,11
"유럽","유럽연합+영국","영국",가전·전자·통신기기,통신기기,면세점,-,-,0,-,-,-,-,0
"유럽","유럽연합+영국","영국",가전·전자·통신기기,통신기기,면세점 이외,-,-,0,-,-,-,-,11
"유럽","유럽연합+영국","영국",소프트웨어,소계,계,-,-,0,-,-,-,-,2
"유럽","유럽연합+영국","영국",소프트웨어,소계,면세점,-,-,0,-,-,-,-,0
"유럽","유럽연합+영국","영국",소프트웨어,소계,면세점 이외,-,-,0,-,-,-,-,2
"유럽","유럽연합+영국","영국",서 적,소계,계,-,-,24,-,-,-,-,122
"유럽","유럽연합+영국","영국",서 적,소계,면세점,-,-,0,-,-,-,-,0
"유럽","유럽연합+영국","영국",서 적,소계,면세점 이외,-,-,24,-,-,-,-,122
"유럽","유럽연합+영국","영국",사무·문구,소계,계,-,-,73,-,-,-,-,61
"유럽","유럽연합+영국","영국",사무·문구,소계,면세점,-,-,0,-,-,-,-,0
"유럽","유럽연합+영국","영국",사무·문구,소계,면세점 이외,-,-,73,-,-,-,-,61
"유럽","유럽연합+영국","영국",음반·비디오·악기,소계,계,-,-,454,-,-,-,-,2522
"유럽","유럽연합+영국","영국",음반·비디오·악기,소계,면세점,-,-,0,-,-,-,-,0
"유럽","유럽연합+영국","영국",음반·비디오·악기,소계,면세점 이외,-,-,454,-,-,-,-,2522
"유럽","유럽연합+영국","영국",의류 및 패션 관련 상품,소계,계,-,-,471,-,-,-,-,963
"유럽","유럽연합+영국","영국",의류 및 패션 관련 상품,소계,면세점,-,-,0,-,-,-,-,3
"유럽","유럽연합+영국","영국",의류 및 패션 관련 상품,소계,면세점 이외,-,-,471,-,-,-,-,960
"유럽","유럽연합+영국","영국",스포츠·레저용품,소계,계,-,-,3,-,-,-,-,14
"유럽","유럽연합+영국","영국",스포츠·레저용품,소계,면세점,-,-,0,-,-,-,-,0
"유럽","유럽연합+영국","영국",스포츠·레저용품,소계,면세점 이외,-,-,3,-,-,-,-,14
"유럽","유럽연합+영국","영국",화장품,소계,계,-,-,590,-,-,-,-,527
"유럽","유럽연합+영국","영국",화장품,소계,면세점,-,-,0,-,-,-,-,3
"유럽","유럽연합+영국","영국",화장품,소계,면세점 이외,-,-,590,-,-,-,-,524
"유럽","유럽연합+영국","영국",아동·유아용품,소계,계,-,-,3,-,-,-,-,22
"유럽","유럽연합+영국","영국",아동·유아용품,소계,면세점,-,-,0,-,-,-,-,0
"유럽","유럽연합+영국","영국",아동·유아용품,소계,면세점 이외,-,-,3,-,-,-,-,22
"유럽","유럽연합+영국","영국",음·식료품,소계,계,-,-,14,-,-,-,-,68
"유럽","유럽연합+영국","영국",음·식료품,소계,면세점,-,-,1,-,-,-,-,3
"유럽","유럽연합+영국","영국",음·식료품,소계,면세점 이외,-,-,13,-,-,-,-,65
"유럽","유럽연합+영국","영국",농축수산물,소계,계,-,-,0,-,-,-,-,0
"유럽","유럽연합+영국","영국",농축수산물,소계,면세점,-,-,0,-,-,-,-,0
"유럽","유럽연합+영국","영국",농축수산물,소계,면세점 이외,-,-,0,-,-,-,-,0
"유럽","유럽연합+영국","영국",생활·자동차용품,소계,계,-,-,31,-,-,-,-,39
"유럽","유럽연합+영국","영국",생활·자동차용품,소계,면세점,-,-,0,-,-,-,-,0
"유럽","유럽연합+영국","영국",생활·자동차용품,소계,면세점 이외,-,-,31,-,-,-,-,39
"유럽","유럽연합+영국","영국",기 타,소계,계,-,-,147,-,-,-,-,256
"유럽","유럽연합+영국","영국",기 타,소계,면세점,-,-,0,-,-,-,-,0
"유럽","유럽연합+영국","영국",기 타,소계,면세점 이외,-,-,147,-,-,-,-,256
"유럽","기타 유럽","소계",합계,소계,계,-,-,825,-,-,-,-,2983
"유럽","기타 유럽","소계",합계,소계,면세점,-,-,5,-,-,-,-,399
"유럽","기타 유럽","소계",합계,소계,면세점 이외,-,-,820,-,-,-,-,2584
"유럽","기타 유럽","소계",컴퓨터 및 주변기기,소계,계,-,-,308,-,-,-,-,163
"유럽","기타 유럽","소계",컴퓨터 및 주변기기,소계,면세점,-,-,0,-,-,-,-,0
"유럽","기타 유럽","소계",컴퓨터 및 주변기기,소계,면세점 이외,-,-,308,-,-,-,-,163
"유럽","기타 유럽","소계",가전·전자·통신기기,소계,계,-,-,1,-,-,-,-,30
"유럽","기타 유럽","소계",가전·전자·통신기기,소계,면세점,-,-,0,-,-,-,-,7
"유럽","기타 유럽","소계",가전·전자·통신기기,소계,면세점 이외,-,-,1,-,-,-,-,23
"유럽","기타 유럽","소계",가전·전자·통신기기,가전·전자,계,-,-,1,-,-,-,-,30
"유럽","기타 유럽","소계",가전·전자·통신기기,가전·전자,면세점,-,-,0,-,-,-,-,7
"유럽","기타 유럽","소계",가전·전자·통신기기,가전·전자,면세점 이외,-,-,1,-,-,-,-,23
"유럽","기타 유럽","소계",가전·전자·통신기기,통신기기,계,-,-,0,-,-,-,-,0
"유럽","기타 유럽","소계",가전·전자·통신기기,통신기기,면세점,-,-,0,-,-,-,-,0
"유럽","기타 유럽","소계",가전·전자·통신기기,통신기기,면세점 이외,-,-,0,-,-,-,-,0
"유럽","기타 유럽","소계",소프트웨어,소계,계,-,-,0,-,-,-,-,0
"유럽","기타 유럽","소계",소프트웨어,소계,면세점,-,-,0,-,-,-,-,0
"유럽","기타 유럽","소계",소프트웨어,소계,면세점 이외,-,-,0,-,-,-,-,0
"유럽","기타 유럽","소계",서 적,소계,계,-,-,5,-,-,-,-,75
"유럽","기타 유럽","소계",서 적,소계,면세점,-,-,0,-,-,-,-,0
"유럽","기타 유럽","소계",서 적,소계,면세점 이외,-,-,5,-,-,-,-,75
"유럽","기타 유럽","소계",사무·문구,소계,계,-,-,39,-,-,-,-,14
"유럽","기타 유럽","소계",사무·문구,소계,면세점,-,-,0,-,-,-,-,0
"유럽","기타 유럽","소계",사무·문구,소계,면세점 이외,-,-,39,-,-,-,-,14
"유럽","기타 유럽","소계",음반·비디오·악기,소계,계,-,-,169,-,-,-,-,944
"유럽","기타 유럽","소계",음반·비디오·악기,소계,면세점,-,-,0,-,-,-,-,0
"유럽","기타 유럽","소계",음반·비디오·악기,소계,면세점 이외,-,-,169,-,-,-,-,944
"유럽","기타 유럽","소계",의류 및 패션 관련 상품,소계,계,-,-,36,-,-,-,-,605
"유럽","기타 유럽","소계",의류 및 패션 관련 상품,소계,면세점,-,-,2,-,-,-,-,91
"유럽","기타 유럽","소계",의류 및 패션 관련 상품,소계,면세점 이외,-,-,34,-,-,-,-,514
"유럽","기타 유럽","소계",스포츠·레저용품,소계,계,-,-,13,-,-,-,-,126
"유럽","기타 유럽","소계",스포츠·레저용품,소계,면세점,-,-,0,-,-,-,-,0
"유럽","기타 유럽","소계",스포츠·레저용품,소계,면세점 이외,-,-,13,-,-,-,-,126
"유럽","기타 유럽","소계",화장품,소계,계,-,-,149,-,-,-,-,813
"유럽","기타 유럽","소계",화장품,소계,면세점,-,-,3,-,-,-,-,276
"유럽","기타 유럽","소계",화장품,소계,면세점 이외,-,-,146,-,-,-,-,537
"유럽","기타 유럽","소계",아동·유아용품,소계,계,-,-,62,-,-,-,-,113
"유럽","기타 유럽","소계",아동·유아용품,소계,면세점,-,-,0,-,-,-,-,0
"유럽","기타 유럽","소계",아동·유아용품,소계,면세점 이외,-,-,62,-,-,-,-,113
"유럽","기타 유럽","소계",음·식료품,소계,계,-,-,2,-,-,-,-,25
"유럽","기타 유럽","소계",음·식료품,소계,면세점,-,-,0,-,-,-,-,25
"유럽","기타 유럽","소계",음·식료품,소계,면세점 이외,-,-,2,-,-,-,-,0
"유럽","기타 유럽","소계",농축수산물,소계,계,-,-,0,-,-,-,-,0
"유럽","기타 유럽","소계",농축수산물,소계,면세점,-,-,0,-,-,-,-,0
"유럽","기타 유럽","소계",농축수산물,소계,면세점 이외,-,-,0,-,-,-,-,0
"유럽","기타 유럽","소계",생활·자동차용품,소계,계,-,-,5,-,-,-,-,28
"유럽","기타 유럽","소계",생활·자동차용품,소계,면세점,-,-,0,-,-,-,-,0
"유럽","기타 유럽","소계",생활·자동차용품,소계,면세점 이외,-,-,5,-,-,-,-,28
"유럽","기타 유럽","소계",기 타,소계,계,-,-,36,-,-,-,-,47
"유럽","기타 유럽","소계",기 타,소계,면세점,-,-,0,-,-,-,-,0
"유럽","기타 유럽","소계",기 타,소계,면세점 이외,-,-,36,-,-,-,-,47
"대양주","소계","소계",합계,소계,계,4419,3280,2008,13272,16271,15618,8194,7715
"대양주","소계","소계",합계,소계,면세점,-,30,21,81,16,6,22,54
"대양주","소계","소계",합계,소계,면세점 이외,-,3250,1987,13191,16255,15612,8172,7661
"대양주","소계","소계",컴퓨터 및 주변기기,소계,계,470,56,35,254,318,270,137,203
"대양주","소계","소계",컴퓨터 및 주변기기,소계,면세점,-,0,0,0,0,0,0,0
"대양주","소계","소계",컴퓨터 및 주변기기,소계,면세점 이외,-,56,35,254,318,270,137,203
"대양주","소계","소계",가전·전자·통신기기,소계,계,838,302,14,2342,3834,3001,101,125
"대양주","소계","소계",가전·전자·통신기기,소계,면세점,-,6,1,14,9,0,1,1
"대양주","소계","소계",가전·전자·통신기기,소계,면세점 이외,-,296,13,2328,3825,3001,100,124
"대양주","소계","소계",가전·전자·통신기기,가전·전자,계,-,-,14,-,-,-,-,116
"대양주","소계","소계",가전·전자·통신기기,가전·전자,면세점,-,-,1,-,-,-,-,1
"대양주","소계","소계",가전·전자·통신기기,가전·전자,면세점 이외,-,-,13,-,-,-,-,115
"대양주","소계","소계",가전·전자·통신기기,통신기기,계,-,-,0,-,-,-,-,9
"대양주","소계","소계",가전·전자·통신기기,통신기기,면세점,-,-,0,-,-,-,-,0
"대양주","소계","소계",가전·전자·통신기기,통신기기,면세점 이외,-,-,0,-,-,-,-,9
"대양주","소계","소계",소프트웨어,소계,계,20,4,0,20,20,20,0,9
"대양주","소계","소계",소프트웨어,소계,면세점,-,0,0,0,0,0,0,0
"대양주","소계","소계",소프트웨어,소계,면세점 이외,-,4,0,20,20,20,0,9
"대양주","소계","소계",서 적,소계,계,18,81,103,272,367,451,380,528
"대양주","소계","소계",서 적,소계,면세점,-,0,0,0,0,0,0,0
"대양주","소계","소계",서 적,소계,면세점 이외,-,81,103,272,367,451,380,528
"대양주","소계","소계",사무·문구,소계,계,4,11,38,25,21,63,58,53
"대양주","소계","소계",사무·문구,소계,면세점,-,0,0,0,0,0,0,0
"대양주","소계","소계",사무·문구,소계,면세점 이외,-,11,38,25,21,63,58,53
"대양주","소계","소계",음반·비디오·악기,소계,계,140,387,507,1540,1800,2081,1007,2827
"대양주","소계","소계",음반·비디오·악기,소계,면세점,-,0,0,0,0,0,0,0
"대양주","소계","소계",음반·비디오·악기,소계,면세점 이외,-,387,507,1540,1800,2081,1007,2827
"대양주","소계","소계",의류 및 패션 관련 상품,소계,계,837,651,974,2489,3749,4766,4896,3125
"대양주","소계","소계",의류 및 패션 관련 상품,소계,면세점,-,12,1,29,3,6,5,10
"대양주","소계","소계",의류 및 패션 관련 상품,소계,면세점 이외,-,639,973,2460,3746,4760,4891,3115
"대양주","소계","소계",스포츠·레저용품,소계,계,181,79,3,475,690,1041,430,208
"대양주","소계","소계",스포츠·레저용품,소계,면세점,-,0,0,0,0,0,0,0
"대양주","소계","소계",스포츠·레저용품,소계,면세점 이외,-,79,3,475,690,1041,430,208
"대양주","소계","소계",화장품,소계,계,636,1094,198,3386,2462,1626,324,223
"대양주","소계","소계",화장품,소계,면세점,-,10,11,29,3,0,4,19
"대양주","소계","소계",화장품,소계,면세점 이외,-,1084,187,3357,2459,1626,320,204
"대양주","소계","소계",아동·유아용품,소계,계,193,144,5,481,484,368,81,58
"대양주","소계","소계",아동·유아용품,소계,면세점,-,0,0,0,0,0,0,0
"대양주","소계","소계",아동·유아용품,소계,면세점 이외,-,144,5,481,484,368,81,58
"대양주","소계","소계",음·식료품,소계,계,257,19,16,88,404,33,34,62
"대양주","소계","소계",음·식료품,소계,면세점,-,2,8,9,1,0,12,24
"대양주","소계","소계",음·식료품,소계,면세점 이외,-,17,8,79,403,33,22,38
"대양주","소계","소계",농축수산물,소계,계,100,0,0,1,1,1,0,0
"대양주","소계","소계",농축수산물,소계,면세점,-,0,0,0,0,0,0,0
"대양주","소계","소계",농축수산물,소계,면세점 이외,-,0,0,1,1,1,0,0
"대양주","소계","소계",생활·자동차용품,소계,계,528,310,54,1226,1198,974,103,69
"대양주","소계","소계",생활·자동차용품,소계,면세점,-,0,0,0,0,0,0,0
"대양주","소계","소계",생활·자동차용품,소계,면세점 이외,-,310,54,1226,1198,974,103,69
"대양주","소계","소계",기 타,소계,계,197,142,61,673,923,921,641,225
"대양주","소계","소계",기 타,소계,면세점,-,0,0,0,0,0,0,0
"대양주","소계","소계",기 타,소계,면세점 이외,-,142,61,673,923,921,641,225
"중남미","소계","소계",합계,소계,계,2468,3747,1504,12981,12563,8422,5029,7911
"중남미","소계","소계",합계,소계,면세점,-,0,1,0,0,0,1,3
"중남미","소계","소계",합계,소계,면세점 이외,-,3747,1503,12981,12563,8422,5028,7908
"중남미","소계","소계",컴퓨터 및 주변기기,소계,계,94,61,104,234,362,354,145,469
"중남미","소계","소계",컴퓨터 및 주변기기,소계,면세점,-,0,0,0,0,0,0,0
"중남미","소계","소계",컴퓨터 및 주변기기,소계,면세점 이외,-,61,104,234,362,354,145,469
"중남미","소계","소계",가전·전자·통신기기,소계,계,382,299,17,979,912,569,122,131
"중남미","소계","소계",가전·전자·통신기기,소계,면세점,-,0,0,0,0,0,0,0
"중남미","소계","소계",가전·전자·통신기기,소계,면세점 이외,-,299,17,979,912,569,122,131
"중남미","소계","소계",가전·전자·통신기기,가전·전자,계,-,-,15,-,-,-,-,69
"중남미","소계","소계",가전·전자·통신기기,가전·전자,면세점,-,-,0,-,-,-,-,0
"중남미","소계","소계",가전·전자·통신기기,가전·전자,면세점 이외,-,-,15,-,-,-,-,69
"중남미","소계","소계",가전·전자·통신기기,통신기기,계,-,-,2,-,-,-,-,62
"중남미","소계","소계",가전·전자·통신기기,통신기기,면세점,-,-,0,-,-,-,-,0
"중남미","소계","소계",가전·전자·통신기기,통신기기,면세점 이외,-,-,2,-,-,-,-,62
"중남미","소계","소계",소프트웨어,소계,계,12,4,0,17,15,10,0,0
"중남미","소계","소계",소프트웨어,소계,면세점,-,0,0,0,0,0,0,0
"중남미","소계","소계",소프트웨어,소계,면세점 이외,-,4,0,17,15,10,0,0
"중남미","소계","소계",서 적,소계,계,16,206,47,646,188,365,425,313
"중남미","소계","소계",서 적,소계,면세점,-,0,0,0,0,0,0,0
"중남미","소계","소계",서 적,소계,면세점 이외,-,206,47,646,188,365,425,313
"중남미","소계","소계",사무·문구,소계,계,1,0,137,0,3,25,22,128
"중남미","소계","소계",사무·문구,소계,면세점,-,0,0,0,0,0,0,0
"중남미","소계","소계",사무·문구,소계,면세점 이외,-,0,137,0,3,25,22,128
"중남미","소계","소계",음반·비디오·악기,소계,계,599,1204,994,4885,6421,4058,3637,6255
"중남미","소계","소계",음반·비디오·악기,소계,면세점,-,0,0,0,0,0,0,0
"중남미","소계","소계",음반·비디오·악기,소계,면세점 이외,-,1204,994,4885,6421,4058,3637,6255
"중남미","소계","소계",의류 및 패션 관련 상품,소계,계,271,124,20,544,614,650,210,110
"중남미","소계","소계",의류 및 패션 관련 상품,소계,면세점,-,0,0,0,0,0,0,0
"중남미","소계","소계",의류 및 패션 관련 상품,소계,면세점 이외,-,124,20,544,614,650,210,110
"중남미","소계","소계",스포츠·레저용품,소계,계,74,63,1,304,183,120,2,12
"중남미","소계","소계",스포츠·레저용품,소계,면세점,-,0,0,0,0,0,0,0
"중남미","소계","소계",스포츠·레저용품,소계,면세점 이외,-,63,1,304,183,120,2,12
"중남미","소계","소계",화장품,소계,계,463,638,33,2423,954,503,264,113
"중남미","소계","소계",화장품,소계,면세점,-,0,0,0,0,0,0,2
"중남미","소계","소계",화장품,소계,면세점 이외,-,638,33,2423,954,503,264,111
"중남미","소계","소계",아동·유아용품,소계,계,85,85,5,265,151,154,23,69
"중남미","소계","소계",아동·유아용품,소계,면세점,-,0,0,0,0,0,0,0
"중남미","소계","소계",아동·유아용품,소계,면세점 이외,-,85,5,265,151,154,23,69
"중남미","소계","소계",음·식료품,소계,계,1,0,1,0,774,4,9,3
"중남미","소계","소계",음·식료품,소계,면세점,-,0,1,0,0,0,1,1
"중남미","소계","소계",음·식료품,소계,면세점 이외,-,0,0,0,774,4,8,2
"중남미","소계","소계",농축수산물,소계,계,4,0,0,0,0,0,0,0
"중남미","소계","소계",농축수산물,소계,면세점,-,0,0,0,0,0,0,0
"중남미","소계","소계",농축수산물,소계,면세점 이외,-,0,0,0,0,0,0,0
"중남미","소계","소계",생활·자동차용품,소계,계,362,916,51,2140,1361,1068,43,97
"중남미","소계","소계",생활·자동차용품,소계,면세점,-,0,0,0,0,0,0,0
"중남미","소계","소계",생활·자동차용품,소계,면세점 이외,-,916,51,2140,1361,1068,43,97
"중남미","소계","소계",기 타,소계,계,104,147,94,544,625,542,124,211
"중남미","소계","소계",기 타,소계,면세점,-,0,0,0,0,0,0,0
"중남미","소계","소계",기 타,소계,면세점 이외,-,147,94,544,625,542,124,211
"아프리카","소계","소계",합계,소계,계,-,-,178,-,-,-,-,367
"아프리카","소계","소계",합계,소계,면세점,-,-,0,-,-,-,-,0
"아프리카","소계","소계",합계,소계,면세점 이외,-,-,178,-,-,-,-,367
"아프리카","소계","소계",컴퓨터 및 주변기기,소계,계,-,-,28,-,-,-,-,69
"아프리카","소계","소계",컴퓨터 및 주변기기,소계,면세점,-,-,0,-,-,-,-,0
"아프리카","소계","소계",컴퓨터 및 주변기기,소계,면세점 이외,-,-,28,-,-,-,-,69
"아프리카","소계","소계",가전·전자·통신기기,소계,계,-,-,5,-,-,-,-,49
"아프리카","소계","소계",가전·전자·통신기기,소계,면세점,-,-,0,-,-,-,-,0
"아프리카","소계","소계",가전·전자·통신기기,소계,면세점 이외,-,-,5,-,-,-,-,49
"아프리카","소계","소계",가전·전자·통신기기,가전·전자,계,-,-,1,-,-,-,-,3
"아프리카","소계","소계",가전·전자·통신기기,가전·전자,면세점,-,-,0,-,-,-,-,0
"아프리카","소계","소계",가전·전자·통신기기,가전·전자,면세점 이외,-,-,1,-,-,-,-,3
"아프리카","소계","소계",가전·전자·통신기기,통신기기,계,-,-,4,-,-,-,-,46
"아프리카","소계","소계",가전·전자·통신기기,통신기기,면세점,-,-,0,-,-,-,-,0
"아프리카","소계","소계",가전·전자·통신기기,통신기기,면세점 이외,-,-,4,-,-,-,-,46
"아프리카","소계","소계",소프트웨어,소계,계,-,-,0,-,-,-,-,0
"아프리카","소계","소계",소프트웨어,소계,면세점,-,-,0,-,-,-,-,0
"아프리카","소계","소계",소프트웨어,소계,면세점 이외,-,-,0,-,-,-,-,0
"아프리카","소계","소계",서 적,소계,계,-,-,0,-,-,-,-,0
"아프리카","소계","소계",서 적,소계,면세점,-,-,0,-,-,-,-,0
"아프리카","소계","소계",서 적,소계,면세점 이외,-,-,0,-,-,-,-,0
"아프리카","소계","소계",사무·문구,소계,계,-,-,1,-,-,-,-,1
"아프리카","소계","소계",사무·문구,소계,면세점,-,-,0,-,-,-,-,0
"아프리카","소계","소계",사무·문구,소계,면세점 이외,-,-,1,-,-,-,-,1
"아프리카","소계","소계",음반·비디오·악기,소계,계,-,-,16,-,-,-,-,87
"아프리카","소계","소계",음반·비디오·악기,소계,면세점,-,-,0,-,-,-,-,0
"아프리카","소계","소계",음반·비디오·악기,소계,면세점 이외,-,-,16,-,-,-,-,87
"아프리카","소계","소계",의류 및 패션 관련 상품,소계,계,-,-,0,-,-,-,-,3
"아프리카","소계","소계",의류 및 패션 관련 상품,소계,면세점,-,-,0,-,-,-,-,0
"아프리카","소계","소계",의류 및 패션 관련 상품,소계,면세점 이외,-,-,0,-,-,-,-,3
"아프리카","소계","소계",스포츠·레저용품,소계,계,-,-,0,-,-,-,-,4
"아프리카","소계","소계",스포츠·레저용품,소계,면세점,-,-,0,-,-,-,-,0
"아프리카","소계","소계",스포츠·레저용품,소계,면세점 이외,-,-,0,-,-,-,-,4
"아프리카","소계","소계",화장품,소계,계,-,-,125,-,-,-,-,152
"아프리카","소계","소계",화장품,소계,면세점,-,-,0,-,-,-,-,0
"아프리카","소계","소계",화장품,소계,면세점 이외,-,-,125,-,-,-,-,152
"아프리카","소계","소계",아동·유아용품,소계,계,-,-,0,-,-,-,-,0
"아프리카","소계","소계",아동·유아용품,소계,면세점,-,-,0,-,-,-,-,0
"아프리카","소계","소계",아동·유아용품,소계,면세점 이외,-,-,0,-,-,-,-,0
"아프리카","소계","소계",음·식료품,소계,계,-,-,0,-,-,-,-,0
"아프리카","소계","소계",음·식료품,소계,면세점,-,-,0,-,-,-,-,0
"아프리카","소계","소계",음·식료품,소계,면세점 이외,-,-,0,-,-,-,-,0
"아프리카","소계","소계",농축수산물,소계,계,-,-,0,-,-,-,-,0
"아프리카","소계","소계",농축수산물,소계,면세점,-,-,0,-,-,-,-,0
"아프리카","소계","소계",농축수산물,소계,면세점 이외,-,-,0,-,-,-,-,0
"아프리카","소계","소계",생활·자동차용품,소계,계,-,-,2,-,-,-,-,1
"아프리카","소계","소계",생활·자동차용품,소계,면세점,-,-,0,-,-,-,-,0
"아프리카","소계","소계",생활·자동차용품,소계,면세점 이외,-,-,2,-,-,-,-,1
"아프리카","소계","소계",기 타,소계,계,-,-,1,-,-,-,-,1
"아프리카","소계","소계",기 타,소계,면세점,-,-,0,-,-,-,-,0
"아프리카","소계","소계",기 타,소계,면세점 이외,-,-,1,-,-,-,-,1
"기타","소계","소계",합계,소계,계,18842,25657,-,120505,84192,77303,31332,-
"기타","소계","소계",합계,소계,면세점,-,13820,-,79555,39754,19188,4403,-
"기타","소계","소계",합계,소계,면세점 이외,-,11837,-,40950,44438,58115,26929,-
"기타","소계","소계",컴퓨터 및 주변기기,소계,계,1010,1385,-,5051,5766,6251,4590,-
"기타","소계","소계",컴퓨터 및 주변기기,소계,면세점,-,0,-,0,113,0,0,-
"기타","소계","소계",컴퓨터 및 주변기기,소계,면세점 이외,-,1385,-,5051,5653,6251,4590,-
"기타","소계","소계",가전·전자·통신기기,소계,계,2484,1325,-,3684,3838,949,489,-
"기타","소계","소계",가전·전자·통신기기,소계,면세점,-,856,-,2059,2122,10,1,-
"기타","소계","소계",가전·전자·통신기기,소계,면세점 이외,-,469,-,1625,1716,939,488,-
"기타","소계","소계",가전·전자·통신기기,가전·전자,계,-,-,-,-,-,-,-,-
"기타","소계","소계",가전·전자·통신기기,가전·전자,면세점,-,-,-,-,-,-,-,-
"기타","소계","소계",가전·전자·통신기기,가전·전자,면세점 이외,-,-,-,-,-,-,-,-
"기타","소계","소계",가전·전자·통신기기,통신기기,계,-,-,-,-,-,-,-,-
"기타","소계","소계",가전·전자·통신기기,통신기기,면세점,-,-,-,-,-,-,-,-
"기타","소계","소계",가전·전자·통신기기,통신기기,면세점 이외,-,-,-,-,-,-,-,-
"기타","소계","소계",소프트웨어,소계,계,71,11,-,29,21,17,0,-
"기타","소계","소계",소프트웨어,소계,면세점,-,0,-,0,0,0,0,-
"기타","소계","소계",소프트웨어,소계,면세점 이외,-,11,-,29,21,17,0,-
"기타","소계","소계",서 적,소계,계,146,1218,-,4584,4563,6593,1124,-
"기타","소계","소계",서 적,소계,면세점,-,0,-,0,0,0,0,-
"기타","소계","소계",서 적,소계,면세점 이외,-,1218,-,4584,4563,6593,1124,-
"기타","소계","소계",사무·문구,소계,계,14,22,-,95,187,150,133,-
"기타","소계","소계",사무·문구,소계,면세점,-,0,-,0,0,0,0,-
"기타","소계","소계",사무·문구,소계,면세점 이외,-,22,-,95,187,150,133,-
"기타","소계","소계",음반·비디오·악기,소계,계,769,336,-,1259,1410,19614,3726,-
"기타","소계","소계",음반·비디오·악기,소계,면세점,-,0,-,0,0,0,0,-
"기타","소계","소계",음반·비디오·악기,소계,면세점 이외,-,336,-,1259,1410,19614,3726,-
"기타","소계","소계",의류 및 패션 관련 상품,소계,계,3031,1774,-,6475,7807,8464,5683,-
"기타","소계","소계",의류 및 패션 관련 상품,소계,면세점,-,302,-,1104,1306,155,444,-
"기타","소계","소계",의류 및 패션 관련 상품,소계,면세점 이외,-,1472,-,5371,6501,8309,5239,-
"기타","소계","소계",스포츠·레저용품,소계,계,368,132,-,522,755,756,508,-
"기타","소계","소계",스포츠·레저용품,소계,면세점,-,0,-,0,0,0,0,-
"기타","소계","소계",스포츠·레저용품,소계,면세점 이외,-,132,-,522,755,756,508,-
"기타","소계","소계",화장품,소계,계,6141,17315,-,92186,51710,24394,7201,-
"기타","소계","소계",화장품,소계,면세점,-,12513,-,76018,36138,18984,3897,-
"기타","소계","소계",화장품,소계,면세점 이외,-,4802,-,16168,15572,5410,3304,-
"기타","소계","소계",아동·유아용품,소계,계,582,193,-,703,1648,3415,3283,-
"기타","소계","소계",아동·유아용품,소계,면세점,-,6,-,14,2,0,1,-
"기타","소계","소계",아동·유아용품,소계,면세점 이외,-,187,-,689,1646,3415,3282,-
"기타","소계","소계",음·식료품,소계,계,1216,319,-,1160,1669,297,250,-
"기타","소계","소계",음·식료품,소계,면세점,-,142,-,358,73,39,60,-
"기타","소계","소계",음·식료품,소계,면세점 이외,-,177,-,802,1596,258,190,-
"기타","소계","소계",농축수산물,소계,계,980,2,-,2,9,1,10,-
"기타","소계","소계",농축수산물,소계,면세점,-,0,-,0,0,0,0,-
"기타","소계","소계",농축수산물,소계,면세점 이외,-,2,-,2,9,1,10,-
"기타","소계","소계",생활·자동차용품,소계,계,1265,531,-,1792,1464,2131,610,-
"기타","소계","소계",생활·자동차용품,소계,면세점,-,0,-,0,0,0,0,-
"기타","소계","소계",생활·자동차용품,소계,면세점 이외,-,531,-,1792,1464,2131,610,-
"기타","소계","소계",기 타,소계,계,765,1094,-,2963,3345,4267,3726,-
"기타","소계","소계",기 타,소계,면세점,-,1,-,2,0,0,0,-
"기타","소계","소계",기 타,소계,면세점 이외,-,1093,-,2961,3345,4267,3726,-
